Resident_ID,Property_ID,Household_Size,Age_Group,Vulnerability_Flag,Tenure_Start_Year
R00001,P1291,2,36-55,No,2022
R00002,P1176,4,56-64,No,2014
R00003,P1091,2,18-35,Yes,2017
R00004,P0282,4,36-55,No,2023
R00005,P0912,2,18-35,,1994
R00006,P0183,2,18-35,No,2023
R00007,P1485,1,56-64,No,2016
R00008,P0335,5,65+,No,2014
R00009,P0477,1,56-64,No,2004
R00010,P0383,5,18-35,No,2022
R00011,P0194,3,56-64,No,2021
R00012,P0738,3,18-35,No,1999
R00013,P0537,1,18-35,,2016
R00014,P0396,2,18-35,No,2021
R00015,P0824,3,36-55,No,2023
R00016,P0134,4,18-35,No,2024
R00017,P1174,3,36-55,No,2019
R00018,P0006,4,36-55,No,2011
R00019,P0557,1,18-35,No,2002
R00020,P0464,3,36-55,No,2017
R00021,P0543,3,36-55,No,2005
R00022,P1432,4,36-55,No,2018
R00023,P0639,3,36-55,No,1998
R00024,P0671,2,18-35,No,1993
R00025,P0227,1,18-35,No,2000
R00026,P0120,3,56-64,No,2005
R00027,P1428,5,65+,Yes,1997
R00028,P0145,3,36-55,No,2006
R00029,P1221,2,56-64,No,2003
R00030,P0863,1,36-55,No,1998
R00031,P0205,2,18-35,No,1996
R00032,P0777,3,18-35,No,2023
R00033,P1173,1,18-35,No,2018
R00034,P0513,1,18-35,No,2014
R00035,P1398,3,56-64,No,2018
R00036,P1257,2,36-55,Yes,2017
R00037,P0537,1,65+,No,2021
R00038,P0868,3,36-55,No,2024
R00039,P0060,3,56-64,No,2010
R00040,P0453,2,36-55,No,2018
R00041,P0268,1,56-64,No,2015
R00042,P0781,4,65+,Yes,2016
R00043,P0690,2,18-35,No,2011
R00044,P1237,2,18-35,Yes,2017
R00045,P0329,3,18-35,No,2001
R00046,P0926,3,65+,No,2017
R00047,P0637,3,56-64,No,2017
R00048,P0057,1,18-35,No,2001
R00049,P0190,2,65+,No,2017
R00050,P1093,4,36-55,No,1990
R00051,P1100,1,36-55,No,2013
R00052,P0986,2,65+,Yes,1995
R00053,P0355,3,65+,Yes,1990
R00054,P0560,3,65+,No,2006
R00055,P0337,3,36-55,No,1997
R00056,P0338,1,36-55,No,2020
R00057,P0701,1,36-55,No,2014
R00058,P1091,1,36-55,No,2000
R00059,P0755,5,65+,Yes,2012
R00060,P0253,2,56-64,Yes,2019
R00061,P0519,2,56-64,No,1993
R00062,P0065,3,36-55,No,2016
R00063,P0585,2,36-55,No,2014
R00064,P0158,1,65+,Yes,2023
R00065,P0917,1,36-55,No,2021
R00066,P1398,3,56-64,No,2017
R00067,P0898,5,36-55,No,2020
R00068,P0602,2,56-64,Yes,2000
R00069,P0063,2,65+,No,2000
R00070,P0150,4,36-55,Yes,2024
R00071,P0125,3,18-35,No,2005
R00072,P0086,1,56-64,Yes,2014
R00073,P1247,4,65+,Yes,2024
R00074,P1031,3,18-35,No,2011
R00075,P0471,3,18-35,No,1996
R00076,P1055,1,65+,No,2023
R00077,P0587,2,18-35,No,2001
R00078,P0572,1,65+,No,2006
R00079,P0537,2,65+,Yes,2024
R00080,P0741,3,36-55,No,2018
R00081,P1443,3,18-35,No,2016
R00082,P0494,2,18-35,No,2022
R00083,P1050,2,65+,No,2017
R00084,P1201,2,56-64,No,2024
R00085,P1227,1,65+,Yes,1998
R00086,P0982,1,65+,No,2006
R00087,P0772,1,65+,No,2024
R00088,P0781,4,18-35,No,2013
R00089,P1141,3,36-55,No,2019
R00090,P0488,2,18-35,No,2021
R00091,P0062,2,65+,No,2013
R00092,P0354,2,36-55,Yes,2012
R00093,P1141,5,18-35,No,2017
R00094,P0031,1,18-35,Yes,2014
R00095,P1417,3,36-55,,2013
R00096,P0062,3,36-55,No,2024
R00097,P1386,2,36-55,Yes,2018
R00098,P0606,1,36-55,Yes,2019
R00099,P1484,2,36-55,No,2005
R00100,P1314,5,36-55,No,2020
R00101,P0566,3,56-64,No,1998
R00102,P0400,1,36-55,No,2010
R00103,P1386,3,18-35,No,2024
R00104,P0035,2,56-64,No,1996
R00105,P0758,4,18-35,No,2021
R00106,P1205,2,65+,Yes,1992
R00107,P0893,3,65+,Yes,2003
R00108,P0189,1,65+,Yes,2013
R00109,P0613,3,56-64,No,2004
R00110,P0578,1,36-55,No,2015
R00111,P1258,3,65+,Yes,2020
R00112,P0086,2,18-35,No,2002
R00113,P0881,2,18-35,No,2014
R00114,P1095,3,36-55,No,2014
R00115,P1243,2,18-35,No,2009
R00116,P1143,3,65+,No,2011
R00117,P1084,5,56-64,No,1994
R00118,P0746,1,65+,No,2015
R00119,P0929,3,36-55,No,1991
R00120,P1420,2,18-35,No,1998
R00121,P0884,3,56-64,No,2023
R00122,P1183,2,65+,Yes,2010
R00123,P0162,3,18-35,No,2013
R00124,P0286,3,56-64,No,2021
R00125,P0644,5,18-35,No,2008
R00126,P1447,1,56-64,,2018
R00127,P1234,1,18-35,No,1999
R00128,P0575,1,56-64,No,1998
R00129,P0893,2,18-35,No,2010
R00130,P0685,2,18-35,Yes,2007
R00131,P1477,4,18-35,No,2012
R00132,P1395,2,36-55,No,2016
R00133,P0892,3,18-35,No,1999
R00134,P0259,3,36-55,No,1994
R00135,P0102,1,36-55,No,2013
R00136,P0840,1,18-35,No,2020
R00137,P0571,4,36-55,No,2000
R00138,P1147,2,65+,No,2007
R00139,P0011,1,36-55,No,2024
R00140,P0375,2,18-35,No,1995
R00141,P0280,4,18-35,,2024
R00142,P0765,1,18-35,No,2022
R00143,P1314,3,65+,Yes,2013
R00144,P0003,2,65+,No,1996
R00145,P1346,1,18-35,Yes,1995
R00146,P0743,1,65+,No,2020
R00147,P1167,1,18-35,No,2017
R00148,P1216,2,18-35,No,2017
R00149,P1435,3,56-64,No,2009
R00150,P1151,4,56-64,Yes,1999
R00151,P1163,2,36-55,,2014
R00152,P0845,1,36-55,No,2009
R00153,P0237,2,56-64,No,2022
R00154,P0290,4,18-35,No,2018
R00155,P0170,1,56-64,No,1992
R00156,P0529,2,18-35,No,2023
R00157,P1251,3,56-64,,2008
R00158,P0437,4,56-64,No,2018
R00159,P0525,3,65+,Yes,2011
R00160,P0862,2,36-55,No,2024
R00161,P0892,1,36-55,No,2004
R00162,P1470,5,65+,No,2011
R00163,P0400,2,65+,Yes,2004
R00164,P0784,5,56-64,No,2020
R00165,P0832,3,36-55,No,2011
R00166,P0913,4,65+,No,2016
R00167,P0738,2,36-55,Yes,2015
R00168,P0327,1,18-35,No,2020
R00169,P0070,2,36-55,No,2017
R00170,P0088,2,56-64,No,2023
R00171,P0209,3,18-35,Yes,1999
R00172,P0948,4,65+,Yes,2021
R00173,P0040,1,65+,No,2018
R00174,P1397,2,56-64,Yes,2022
R00175,P0049,2,36-55,No,2010
R00176,P0549,2,18-35,No,1990
R00177,P0170,2,18-35,No,2012
R00178,P0122,1,65+,No,1993
R00179,P0162,2,36-55,No,2001
R00180,P0711,4,56-64,No,2006
R00181,P0902,3,36-55,Yes,2008
R00182,P0090,4,36-55,No,2002
R00183,P0265,3,36-55,No,2013
R00184,P1319,1,18-35,No,1994
R00185,P0099,1,36-55,No,2003
R00186,P0623,3,18-35,No,2023
R00187,P0243,1,36-55,No,2006
R00188,P0878,1,36-55,No,2021
R00189,P0132,1,18-35,No,1996
R00190,P0454,5,36-55,No,2001
R00191,P1118,2,56-64,Yes,2020
R00192,P1405,3,18-35,No,1994
R00193,P0069,1,65+,No,1990
R00194,P1320,1,36-55,No,2010
R00195,P0151,2,56-64,No,2010
R00196,P1425,4,65+,No,2019
R00197,P1468,3,18-35,No,2008
R00198,P0629,2,65+,Yes,2020
R00199,P0043,1,36-55,No,2000
R00200,P0685,1,18-35,No,1991
R00201,P0150,3,65+,Yes,1998
R00202,P0802,1,18-35,No,2001
R00203,P1193,1,18-35,No,1999
R00204,P0449,3,36-55,No,2008
R00205,P0032,2,18-35,Yes,2016
R00206,P1387,1,18-35,No,2014
R00207,P1139,4,36-55,No,1999
R00208,P0239,1,36-55,No,2021
R00209,P1263,3,18-35,No,2019
R00210,P0685,3,65+,No,2019
R00211,P0663,3,65+,Yes,2015
R00212,P1216,4,36-55,No,2016
R00213,P0493,2,65+,Yes,1990
R00214,P1422,1,36-55,No,1998
R00215,P0524,2,36-55,Yes,1998
R00216,P0003,3,18-35,No,2000
R00217,P0463,4,36-55,No,2017
R00218,P1435,4,18-35,No,2000
R00219,P0139,2,65+,No,2021
R00220,P1174,3,56-64,No,2014
R00221,P0194,3,56-64,No,2021
R00222,P1097,2,36-55,Yes,2015
R00223,P0641,2,36-55,No,2003
R00224,P1442,2,36-55,No,2016
R00225,P0104,3,56-64,No,2018
R00226,P1096,4,56-64,No,2001
R00227,P1122,5,36-55,No,2020
R00228,P0354,3,18-35,No,2003
R00229,P0110,3,65+,Yes,2021
R00230,P0333,1,18-35,No,2008
R00231,P1100,1,65+,No,2005
R00232,P1357,5,18-35,Yes,2007
R00233,P0998,4,56-64,No,2023
R00234,P0225,1,65+,No,2002
R00235,P1436,1,18-35,,2013
R00236,P0262,1,18-35,Yes,2010
R00237,P0449,3,18-35,No,2017
R00238,P0261,3,18-35,No,2015
R00239,P0085,4,56-64,No,2017
R00240,P0688,3,36-55,No,1990
R00241,P1398,4,18-35,No,2019
R00242,P0473,3,36-55,No,2015
R00243,P1198,1,36-55,No,1994
R00244,P1401,1,18-35,No,2018
R00245,P1399,3,56-64,No,2020
R00246,P0612,2,36-55,No,2018
R00247,P1193,4,36-55,No,1991
R00248,P0540,2,65+,No,2007
R00249,P0137,2,36-55,No,1995
R00250,P0416,5,36-55,Yes,2019
R00251,P0752,3,65+,No,2018
R00252,P0806,2,56-64,No,2014
R00253,P0479,4,65+,Yes,2024
R00254,P0807,2,18-35,No,2006
R00255,P0616,2,36-55,No,2020
R00256,P1403,2,56-64,No,2016
R00257,P0705,1,36-55,No,2015
R00258,P0389,1,18-35,No,1997
R00259,P0182,1,18-35,,2010
R00260,P1363,1,65+,Yes,2010
R00261,P0546,3,18-35,No,2010
R00262,P1304,4,18-35,No,2010
R00263,P1276,3,18-35,No,2009
R00264,P1457,1,36-55,No,2016
R00265,P0452,1,36-55,No,1998
R00266,P1475,4,65+,No,2001
R00267,P0749,2,36-55,No,2016
R00268,P0534,5,65+,Yes,2024
R00269,P0494,1,56-64,No,2023
R00270,P1023,3,36-55,No,2005
R00271,P0957,4,36-55,No,2019
R00272,P1023,2,36-55,No,2022
R00273,P1476,3,18-35,No,2011
R00274,P0409,2,18-35,No,2020
R00275,P0555,2,65+,No,2022
R00276,P0783,5,18-35,No,2008
R00277,P0260,1,36-55,No,2024
R00278,P1429,4,36-55,No,2024
R00279,P1267,3,36-55,Yes,2016
R00280,P0380,4,36-55,No,2013
R00281,P1180,2,36-55,No,1997
R00282,P0491,1,65+,Yes,2005
R00283,P0754,4,36-55,No,2015
R00284,P0789,1,65+,Yes,2006
R00285,P1333,2,18-35,No,2000
R00286,P0851,4,36-55,No,2012
R00287,P0438,4,18-35,No,2004
R00288,P1348,3,18-35,No,1991
R00289,P0062,3,56-64,Yes,2023
R00290,P0730,4,18-35,No,2022
R00291,P1495,2,18-35,No,2016
R00292,P0652,2,36-55,No,2007
R00293,P0361,3,65+,No,2006
R00294,P0547,4,56-64,No,1993
R00295,P0231,2,36-55,No,2024
R00296,P1386,1,36-55,No,2023
R00297,P0303,1,36-55,No,2020
R00298,P0820,2,36-55,No,1990
R00299,P0229,2,18-35,No,2017
R00300,P0313,3,65+,Yes,2007
R00301,P0667,2,56-64,Yes,1991
R00302,P0312,3,56-64,No,1994
R00303,P0634,1,36-55,No,2007
R00304,P0246,2,36-55,No,1999
R00305,P0446,3,36-55,No,2015
R00306,P1013,5,65+,Yes,2018
R00307,P0775,3,36-55,,2015
R00308,P0361,5,18-35,No,2021
R00309,P0505,2,56-64,No,2012
R00310,P1351,2,65+,Yes,1999
R00311,P1311,2,65+,Yes,2023
R00312,P0390,4,36-55,No,2003
R00313,P0745,3,56-64,No,2015
R00314,P0726,2,18-35,No,2022
R00315,P0717,4,36-55,Yes,1993
R00316,P1129,4,18-35,No,2021
R00317,P0248,4,65+,No,2019
R00318,P0781,1,18-35,No,2016
R00319,P0205,2,65+,No,2007
R00320,P1144,2,36-55,No,2000
R00321,P1010,2,65+,No,2006
R00322,P1094,4,56-64,No,2011
R00323,P0907,4,18-35,No,2003
R00324,P1415,5,18-35,No,2022
R00325,P0035,2,56-64,No,2000
R00326,P0709,3,56-64,No,1999
R00327,P1470,4,65+,No,2000
R00328,P0366,4,36-55,,2001
R00329,P1266,4,36-55,No,1993
R00330,P0798,2,65+,No,2024
R00331,P0502,1,36-55,No,2020
R00332,P0813,3,36-55,No,2007
R00333,P0013,2,36-55,No,2019
R00334,P0250,3,36-55,Yes,2010
R00335,P0451,4,18-35,No,2022
R00336,P0588,3,18-35,No,2023
R00337,P1346,2,18-35,No,2023
R00338,P0093,2,18-35,Yes,2008
R00339,P1283,3,36-55,No,2024
R00340,P0549,1,36-55,No,2011
R00341,P0676,2,18-35,No,1995
R00342,P1181,4,36-55,No,2016
R00343,P0924,3,36-55,No,2020
R00344,P0002,4,18-35,No,2000
R00345,P1366,1,36-55,,1996
R00346,P0279,2,18-35,No,2020
R00347,P1171,1,56-64,No,2014
R00348,P0827,2,36-55,No,1992
R00349,P1160,4,36-55,Yes,2017
R00350,P1005,4,18-35,No,2024
R00351,P0380,1,56-64,No,1991
R00352,P0943,4,56-64,No,2024
R00353,P1274,2,36-55,No,2003
R00354,P1293,3,65+,No,2009
R00355,P0416,1,18-35,No,2021
R00356,P0633,1,65+,No,2022
R00357,P1305,2,18-35,No,2018
R00358,P0248,3,36-55,Yes,2021
R00359,P0996,3,18-35,No,2022
R00360,P0582,2,56-64,Yes,2018
R00361,P1150,2,36-55,No,2017
R00362,P1017,2,36-55,No,2009
R00363,P0183,3,18-35,No,2022
R00364,P1415,5,18-35,No,1991
R00365,P0833,2,36-55,No,2002
R00366,P0078,3,36-55,No,2017
R00367,P1263,1,36-55,Yes,2012
R00368,P0282,2,36-55,No,1993
R00369,P1423,2,36-55,Yes,2017
R00370,P0717,1,36-55,No,2003
R00371,P0874,1,65+,No,2008
R00372,P1075,2,36-55,No,2012
R00373,P1253,2,65+,No,2017
R00374,P0508,1,36-55,No,2008
R00375,P0454,2,18-35,Yes,2009
R00376,P1254,1,36-55,No,2005
R00377,P1245,2,56-64,No,2007
R00378,P1185,3,18-35,No,2022
R00379,P0840,1,36-55,,2024
R00380,P1433,2,18-35,Yes,2022
R00381,P1026,3,36-55,No,2003
R00382,P1179,3,36-55,No,2014
R00383,P1194,4,18-35,No,1996
R00384,P0017,4,56-64,No,1994
R00385,P1416,1,65+,No,2024
R00386,P0670,2,65+,Yes,2003
R00387,P1291,3,36-55,No,1998
R00388,P0258,1,18-35,No,2017
R00389,P0624,2,18-35,No,2004
R00390,P1161,1,18-35,No,2015
R00391,P0219,1,18-35,No,2019
R00392,P0683,4,65+,No,2015
R00393,P0390,2,36-55,No,2009
R00394,P0005,3,36-55,No,2004
R00395,P0141,1,36-55,No,2008
R00396,P1425,2,36-55,Yes,2020
R00397,P1111,3,18-35,No,2003
R00398,P0391,3,18-35,No,1998
R00399,P0069,4,18-35,No,2001
R00400,P0543,3,56-64,Yes,2004
R00401,P1359,3,36-55,No,2016
R00402,P1107,4,18-35,No,2010
R00403,P1456,2,18-35,No,2006
R00404,P1194,5,18-35,No,1995
R00405,P1325,2,36-55,No,1994
R00406,P0954,1,65+,Yes,2018
R00407,P0120,1,36-55,No,2013
R00408,P0097,1,65+,No,2011
R00409,P0865,2,18-35,No,2000
R00410,P0408,1,36-55,No,2004
R00411,P0020,1,18-35,No,2011
R00412,P0442,2,18-35,Yes,2020
R00413,P0520,3,36-55,No,1997
R00414,P1373,4,56-64,No,2017
R00415,P0897,4,18-35,No,2015
R00416,P0646,2,56-64,Yes,2013
R00417,P0432,1,65+,Yes,2004
R00418,P1192,2,18-35,No,2014
R00419,P0060,2,56-64,No,1998
R00420,P0096,1,18-35,Yes,1991
R00421,P0187,2,18-35,No,1998
R00422,P0600,1,36-55,No,2016
R00423,P0531,2,36-55,No,2018
R00424,P0976,2,56-64,No,2006
R00425,P0848,1,56-64,No,2016
R00426,P0541,1,36-55,No,2012
R00427,P0903,2,56-64,No,2011
R00428,P1036,3,18-35,No,2017
R00429,P0083,4,36-55,No,2018
R00430,P0808,3,18-35,No,2019
R00431,P1485,3,65+,No,2016
R00432,P0385,2,56-64,Yes,2001
R00433,P0205,1,18-35,Yes,2022
R00434,P1052,1,56-64,No,2016
R00435,P1258,1,65+,No,1994
R00436,P0931,3,65+,No,1992
R00437,P1289,5,36-55,No,2006
R00438,P1423,2,36-55,No,2024
R00439,P0225,2,18-35,No,2021
R00440,P0795,2,18-35,No,2001
R00441,P0335,1,65+,Yes,2014
R00442,P0770,1,56-64,No,2010
R00443,P1211,4,36-55,No,2006
R00444,P0004,2,65+,Yes,2008
R00445,P0603,2,65+,No,2018
R00446,P1029,3,36-55,No,2006
R00447,P0025,2,18-35,No,2013
R00448,P1258,2,56-64,No,1994
R00449,P1254,3,36-55,No,2018
R00450,P1018,2,56-64,,2017
R00451,P1300,2,18-35,No,2010
R00452,P0849,1,18-35,No,2020
R00453,P0654,3,18-35,No,1999
R00454,P0036,3,65+,Yes,1995
R00455,P0291,4,18-35,No,2000
R00456,P0310,3,18-35,No,2018
R00457,P0448,1,36-55,No,2016
R00458,P1436,2,18-35,No,2023
R00459,P1475,3,36-55,No,2008
R00460,P1361,3,18-35,,1994
R00461,P0687,3,36-55,Yes,2016
R00462,P1129,2,18-35,No,2004
R00463,P1341,2,65+,Yes,2018
R00464,P1095,3,18-35,No,1994
R00465,P1316,1,65+,Yes,2001
R00466,P0157,2,18-35,No,1997
R00467,P1457,2,18-35,No,2018
R00468,P1098,2,36-55,No,2015
R00469,P1194,1,36-55,No,1993
R00470,P0798,2,36-55,No,2017
R00471,P0088,3,18-35,No,2019
R00472,P0906,3,36-55,No,2023
R00473,P0671,3,65+,No,2008
R00474,P0818,4,56-64,Yes,2017
R00475,P1484,1,18-35,No,1999
R00476,P1465,5,65+,Yes,2002
R00477,P0375,1,56-64,Yes,2000
R00478,P1253,2,18-35,No,2008
R00479,P0995,3,65+,No,1997
R00480,P0185,2,36-55,No,2022
R00481,P1205,2,65+,Yes,2023
R00482,P0198,2,36-55,No,1991
R00483,P0117,2,36-55,No,2000
R00484,P1447,1,18-35,No,2023
R00485,P0331,3,18-35,No,1996
R00486,P0008,1,18-35,No,2007
R00487,P0501,3,65+,No,1991
R00488,P0728,3,18-35,No,2000
R00489,P1352,3,56-64,Yes,2018
R00490,P0816,3,36-55,No,2019
R00491,P0500,4,18-35,No,2019
R00492,P1028,2,36-55,No,2003
R00493,P0440,3,36-55,No,2022
R00494,P0689,3,65+,No,2017
R00495,P0363,2,18-35,,2012
R00496,P0223,1,18-35,No,2022
R00497,P0322,2,18-35,No,1996
R00498,P1379,2,36-55,No,2012
R00499,P0383,3,36-55,No,2023
R00500,P0977,2,65+,No,1991
R00501,P0832,4,36-55,No,2021
R00502,P0089,3,36-55,No,2000
R00503,P0013,2,65+,No,2019
R00504,P0507,3,36-55,No,2018
R00505,P0840,1,65+,No,2021
R00506,P1216,3,65+,No,2018
R00507,P0717,2,18-35,No,1999
R00508,P1437,2,36-55,No,2015
R00509,P1094,2,18-35,No,1997
R00510,P0284,1,18-35,No,2022
R00511,P1159,3,18-35,No,2014
R00512,P1375,3,36-55,No,2012
R00513,P0280,2,36-55,No,2020
R00514,P0293,3,36-55,No,2009
R00515,P0129,3,36-55,No,1991
R00516,P1152,1,56-64,No,2023
R00517,P0523,2,56-64,No,2008
R00518,P0831,1,65+,Yes,2022
R00519,P0620,1,36-55,No,2019
R00520,P1063,3,36-55,No,2024
R00521,P1093,1,36-55,No,2024
R00522,P0058,2,36-55,No,2000
R00523,P1358,3,65+,No,2010
R00524,P0351,1,65+,Yes,2015
R00525,P0286,4,18-35,No,2022
R00526,P1233,5,18-35,No,2007
R00527,P1095,3,36-55,No,2004
R00528,P0002,3,36-55,No,1992
R00529,P0676,2,56-64,No,2005
R00530,P1268,3,36-55,No,1996
R00531,P1134,1,65+,Yes,2010
R00532,P0916,3,65+,Yes,2004
R00533,P0095,2,56-64,No,2018
R00534,P0209,2,65+,No,2006
R00535,P0036,5,65+,Yes,1996
R00536,P1143,2,36-55,No,2013
R00537,P1362,3,65+,No,1993
R00538,P1030,4,65+,No,2020
R00539,P1088,3,36-55,No,1992
R00540,P0064,1,56-64,No,2012
R00541,P0098,2,65+,Yes,2004
R00542,P0270,2,65+,Yes,2007
R00543,P1363,2,36-55,No,2015
R00544,P0767,2,65+,Yes,2001
R00545,P0240,2,36-55,No,2021
R00546,P0281,1,36-55,No,2001
R00547,P0256,3,36-55,No,2008
R00548,P0901,3,18-35,No,2016
R00549,P0622,3,56-64,No,2004
R00550,P1231,2,18-35,No,2024
R00551,P0475,2,36-55,No,1995
R00552,P0281,1,56-64,Yes,2000
R00553,P1437,4,65+,Yes,2005
R00554,P0808,1,18-35,Yes,2005
R00555,P1469,4,18-35,No,1999
R00556,P1298,4,36-55,No,2007
R00557,P1098,2,56-64,No,2022
R00558,P0658,2,36-55,No,2013
R00559,P1197,2,18-35,No,2001
R00560,P1460,4,18-35,No,2011
R00561,P0672,3,36-55,No,2008
R00562,P0689,5,36-55,No,2015
R00563,P0632,3,18-35,No,2019
R00564,P0966,2,36-55,No,1999
R00565,P0610,3,36-55,No,2008
R00566,P0230,4,65+,Yes,2009
R00567,P1439,3,36-55,No,2008
R00568,P1236,2,36-55,No,2024
R00569,P0063,2,18-35,No,1995
R00570,P0141,2,18-35,No,2019
R00571,P0374,2,18-35,No,2024
R00572,P0359,4,36-55,,2001
R00573,P0983,3,18-35,No,2018
R00574,P0891,2,56-64,No,1997
R00575,P0912,2,36-55,No,2003
R00576,P0671,3,36-55,No,2022
R00577,P0103,1,36-55,No,2014
R00578,P1405,3,18-35,No,2021
R00579,P0180,4,36-55,No,2013
R00580,P1214,3,36-55,Yes,2009
R00581,P0460,1,36-55,No,2006
R00582,P0771,2,36-55,No,2011
R00583,P0108,3,36-55,No,1992
R00584,P0230,1,36-55,No,2004
R00585,P1183,1,65+,No,2012
R00586,P0336,1,18-35,No,2020
R00587,P0595,3,18-35,No,2007
R00588,P1054,4,18-35,No,2019
R00589,P1194,2,18-35,No,2013
R00590,P1005,2,56-64,No,2022
R00591,P0259,3,56-64,No,1996
R00592,P0367,1,36-55,No,2024
R00593,P1104,2,65+,No,1996
R00594,P0282,1,36-55,No,2018
R00595,P0168,3,65+,No,2023
R00596,P0613,3,18-35,No,1996
R00597,P0545,3,18-35,No,2019
R00598,P1072,4,65+,Yes,2001
R00599,P1488,1,18-35,No,2011
R00600,P0890,3,18-35,Yes,2013
R00601,P1249,4,36-55,No,2007
R00602,P0690,2,65+,Yes,2020
R00603,P1345,3,65+,No,2000
R00604,P0216,3,36-55,No,2012
R00605,P1148,3,65+,No,2004
R00606,P0766,1,65+,Yes,2022
R00607,P1103,3,56-64,No,2006
R00608,P1370,2,18-35,No,1997
R00609,P0250,3,56-64,,2015
R00610,P1091,1,36-55,No,1998
R00611,P1324,4,36-55,,2017
R00612,P0087,2,56-64,No,2024
R00613,P0207,3,56-64,Yes,2007
R00614,P0125,3,18-35,No,2004
R00615,P0821,1,36-55,No,2023
R00616,P1017,1,56-64,Yes,2018
R00617,P0162,2,36-55,No,2015
R00618,P1164,2,36-55,No,1993
R00619,P1443,1,36-55,No,2019
R00620,P0186,2,65+,No,2005
R00621,P0177,3,65+,No,2005
R00622,P1198,3,18-35,No,1997
R00623,P0208,2,18-35,,2017
R00624,P1352,1,36-55,No,2021
R00625,P0373,3,65+,No,2016
R00626,P1332,2,18-35,No,2008
R00627,P0363,2,36-55,No,2005
R00628,P1444,2,18-35,No,2019
R00629,P0663,2,18-35,No,2023
R00630,P1301,4,36-55,No,2018
R00631,P0255,1,56-64,No,2001
R00632,P1005,5,18-35,No,2021
R00633,P0428,3,65+,No,1996
R00634,P0540,3,56-64,No,2023
R00635,P1186,1,36-55,No,1991
R00636,P1179,3,56-64,No,2010
R00637,P0533,3,65+,No,2021
R00638,P1284,5,65+,No,2001
R00639,P1036,2,65+,No,2014
R00640,P0931,3,65+,No,2012
R00641,P0230,4,18-35,No,2011
R00642,P1102,2,36-55,No,2013
R00643,P0929,1,18-35,No,2017
R00644,P1133,4,65+,No,2014
R00645,P0555,3,56-64,Yes,2009
R00646,P0427,2,56-64,No,2013
R00647,P1011,2,36-55,No,2009
R00648,P1049,2,18-35,No,2019
R00649,P0921,1,18-35,No,1990
R00650,P1240,1,65+,No,2012
R00651,P0396,2,36-55,No,2015
R00652,P0382,3,36-55,No,2000
R00653,P0081,3,18-35,,2004
R00654,P0175,2,56-64,No,2020
R00655,P0275,1,56-64,Yes,2000
R00656,P1449,2,56-64,No,2007
R00657,P0205,2,18-35,,2008
R00658,P1129,2,18-35,No,2009
R00659,P0203,5,65+,,2016
R00660,P1115,4,18-35,No,2014
R00661,P0973,2,36-55,No,2019
R00662,P0420,1,36-55,No,2009
R00663,P0296,1,18-35,No,2003
R00664,P0354,2,18-35,No,1995
R00665,P0073,1,36-55,No,2024
R00666,P0782,2,36-55,No,2015
R00667,P0919,2,18-35,No,1999
R00668,P0072,1,36-55,No,2015
R00669,P0849,2,18-35,No,2016
R00670,P1114,3,18-35,No,2011
R00671,P0062,1,36-55,No,2007
R00672,P0054,4,18-35,No,2013
R00673,P0071,3,18-35,Yes,2003
R00674,P1108,3,36-55,No,2022
R00675,P0155,3,36-55,No,2011
R00676,P0520,2,65+,No,2016
R00677,P0230,5,18-35,No,1994
R00678,P0971,3,36-55,No,2008
R00679,P0111,4,18-35,No,2009
R00680,P0601,3,65+,Yes,2013
R00681,P0296,1,36-55,No,2001
R00682,P0440,4,18-35,Yes,1991
R00683,P1195,1,56-64,No,2022
R00684,P0370,2,18-35,No,2019
R00685,P1314,3,36-55,No,1998
R00686,P0964,2,56-64,No,2015
R00687,P1475,2,65+,No,2007
R00688,P0707,3,36-55,No,2004
R00689,P0783,1,18-35,No,2003
R00690,P0655,5,36-55,No,1995
R00691,P0350,4,36-55,No,2018
R00692,P1440,2,36-55,No,2016
R00693,P0523,2,36-55,No,2022
R00694,P1382,2,18-35,No,1996
R00695,P0020,2,18-35,No,2008
R00696,P1047,3,36-55,No,2020
R00697,P1157,1,18-35,No,2024
R00698,P0268,1,36-55,,2023
R00699,P0413,2,65+,No,2002
R00700,P0668,5,18-35,No,2017
R00701,P0554,3,65+,,1997
R00702,P0459,2,36-55,No,2017
R00703,P0384,1,65+,Yes,2000
R00704,P0409,4,36-55,No,1999
R00705,P0030,2,36-55,No,2016
R00706,P0005,1,18-35,No,2006
R00707,P0598,4,65+,No,1997
R00708,P1254,1,36-55,No,1995
R00709,P0249,2,36-55,Yes,1998
R00710,P0788,2,56-64,Yes,2005
R00711,P0285,3,18-35,No,2021
R00712,P1379,2,56-64,No,1992
R00713,P0796,1,56-64,No,2013
R00714,P0169,4,65+,No,2016
R00715,P0529,2,18-35,Yes,2022
R00716,P1208,2,56-64,Yes,2009
R00717,P0199,4,18-35,No,1996
R00718,P1072,3,36-55,No,2013
R00719,P1422,2,36-55,No,2021
R00720,P0633,1,18-35,No,2023
R00721,P0025,1,18-35,No,2007
R00722,P0846,2,36-55,No,2007
R00723,P0581,3,56-64,No,2017
R00724,P0905,1,18-35,Yes,1998
R00725,P0547,4,56-64,No,2024
R00726,P0188,2,18-35,No,2004
R00727,P1052,3,65+,Yes,1990
R00728,P0306,5,36-55,Yes,2012
R00729,P1026,4,36-55,No,1998
R00730,P0958,1,65+,No,2002
R00731,P0843,1,65+,Yes,2019
R00732,P0036,1,18-35,No,1998
R00733,P1130,3,18-35,No,2016
R00734,P0143,2,56-64,No,2013
R00735,P1157,1,56-64,No,2016
R00736,P0065,1,36-55,No,2009
R00737,P0874,2,18-35,No,2005
R00738,P1070,1,18-35,Yes,2001
R00739,P0411,5,18-35,No,2017
R00740,P0141,2,18-35,No,2008
R00741,P1091,3,18-35,No,2017
R00742,P0666,1,65+,No,2024
R00743,P0530,2,56-64,No,2010
R00744,P1342,1,18-35,No,2004
R00745,P1299,1,65+,Yes,1995
R00746,P0682,1,36-55,No,2024
R00747,P0420,4,36-55,No,2008
R00748,P0482,1,65+,Yes,2021
R00749,P1096,2,65+,No,2022
R00750,P1392,1,36-55,No,2023
R00751,P0928,4,36-55,No,2024
R00752,P0794,3,65+,No,1999
R00753,P0267,2,18-35,No,2018
R00754,P0838,3,36-55,No,2019
R00755,P1278,2,36-55,Yes,2002
R00756,P1185,1,18-35,Yes,2007
R00757,P0223,4,36-55,No,2009
R00758,P0299,1,36-55,No,2003
R00759,P0630,1,56-64,No,2014
R00760,P1122,2,18-35,Yes,2017
R00761,P0518,2,56-64,Yes,2012
R00762,P1178,3,18-35,No,2007
R00763,P0580,2,18-35,No,2021
R00764,P0401,2,18-35,No,2005
R00765,P0006,4,36-55,No,2018
R00766,P1387,2,18-35,,2013
R00767,P0367,2,36-55,No,2014
R00768,P1100,1,36-55,No,2001
R00769,P0712,4,65+,No,2001
R00770,P0187,1,65+,Yes,2007
R00771,P0169,3,18-35,No,2004
R00772,P1451,2,36-55,No,2023
R00773,P0869,1,65+,No,1996
R00774,P1462,2,65+,Yes,1995
R00775,P0415,2,65+,Yes,2018
R00776,P1128,3,36-55,No,1993
R00777,P0165,1,18-35,No,2003
R00778,P0610,5,36-55,No,1996
R00779,P1413,2,18-35,No,2016
R00780,P0094,3,18-35,No,2014
R00781,P0319,3,65+,No,1993
R00782,P1479,2,18-35,No,2024
R00783,P1073,2,36-55,Yes,2012
R00784,P0158,1,36-55,No,2020
R00785,P0340,2,18-35,No,2013
R00786,P1083,3,65+,No,1990
R00787,P0966,1,36-55,No,2004
R00788,P0959,1,36-55,No,2013
R00789,P1414,2,56-64,No,2004
R00790,P0266,3,56-64,No,2018
R00791,P1298,4,18-35,,1997
R00792,P1097,1,36-55,No,2011
R00793,P0859,2,18-35,No,2010
R00794,P0588,3,56-64,No,2016
R00795,P0721,2,65+,Yes,2000
R00796,P1334,1,65+,Yes,1998
R00797,P0437,3,65+,Yes,1997
R00798,P0801,2,56-64,No,2023
R00799,P1130,2,36-55,No,2020
R00800,P0041,2,36-55,No,1994
R00801,P0895,3,18-35,,2017
R00802,P1428,4,65+,Yes,2010
R00803,P0113,4,65+,No,1999
R00804,P0796,1,36-55,Yes,2002
R00805,P0746,1,65+,No,2008
R00806,P0321,1,18-35,No,1997
R00807,P1270,2,18-35,No,2010
R00808,P1031,1,18-35,No,1996
R00809,P0871,3,65+,No,2010
R00810,P0469,1,18-35,No,2016
R00811,P0976,2,56-64,No,2014
R00812,P1431,2,56-64,,2011
R00813,P0477,1,18-35,Yes,1994
R00814,P0243,3,18-35,No,2008
R00815,P0319,2,65+,No,2017
R00816,P0251,2,18-35,No,2023
R00817,P0228,1,56-64,No,2018
R00818,P0675,3,18-35,No,2021
R00819,P1038,1,36-55,No,1992
R00820,P1376,4,36-55,No,2014
R00821,P0039,2,56-64,No,2013
R00822,P0574,3,36-55,No,2006
R00823,P0133,3,18-35,No,2024
R00824,P1025,3,36-55,No,2020
R00825,P1089,4,56-64,No,1993
R00826,P0444,1,36-55,No,2023
R00827,P0033,3,65+,Yes,1998
R00828,P0618,2,36-55,No,2001
R00829,P0786,1,36-55,No,2015
R00830,P1404,3,65+,No,2019
R00831,P1137,2,36-55,Yes,2018
R00832,P0878,1,18-35,No,2023
R00833,P1400,2,36-55,Yes,2004
R00834,P0693,2,36-55,No,2020
R00835,P0856,2,36-55,No,2023
R00836,P0884,2,65+,No,2016
R00837,P1376,3,56-64,No,2023
R00838,P0806,2,18-35,Yes,2011
R00839,P0759,3,18-35,No,2001
R00840,P1408,2,65+,No,2009
R00841,P0410,3,56-64,No,2017
R00842,P1221,3,36-55,No,1990
R00843,P0644,2,56-64,No,2018
R00844,P0119,2,36-55,No,2021
R00845,P1456,1,18-35,No,1996
R00846,P1202,4,18-35,No,2021
R00847,P0302,4,36-55,No,1998
R00848,P0933,4,18-35,No,2014
R00849,P1318,1,18-35,No,2016
R00850,P0760,2,36-55,No,2022
R00851,P0219,3,18-35,,2024
R00852,P0762,1,18-35,No,2004
R00853,P0067,2,65+,No,1990
R00854,P0425,3,65+,Yes,2014
R00855,P0847,5,65+,No,1990
R00856,P0196,4,65+,Yes,2008
R00857,P0551,2,18-35,No,1991
R00858,P0147,2,65+,No,2014
R00859,P0165,2,18-35,No,1992
R00860,P0702,3,65+,Yes,2002
R00861,P0428,2,65+,Yes,2007
R00862,P0772,2,65+,No,2018
R00863,P0328,3,56-64,,2005
R00864,P1138,1,18-35,No,2024
R00865,P0815,3,36-55,Yes,2021
R00866,P1262,4,65+,No,2001
R00867,P1432,2,56-64,Yes,2019
R00868,P1436,1,56-64,Yes,2014
R00869,P0328,4,18-35,No,2012
R00870,P1336,1,65+,No,2017
R00871,P0122,1,36-55,,2015
R00872,P1323,2,18-35,No,2022
R00873,P1320,2,65+,No,2017
R00874,P1277,2,36-55,Yes,1990
R00875,P1036,3,36-55,No,2011
R00876,P1015,5,56-64,No,2018
R00877,P0348,1,18-35,No,2018
R00878,P1158,4,65+,No,2013
R00879,P0382,4,65+,No,2009
R00880,P0488,2,18-35,No,1992
R00881,P1198,2,65+,,2002
R00882,P0507,1,18-35,No,2012
R00883,P0138,1,65+,No,2019
R00884,P0679,2,65+,Yes,2004
R00885,P0692,1,56-64,No,2006
R00886,P0463,4,36-55,No,2008
R00887,P1424,3,36-55,No,2005
R00888,P0395,3,18-35,No,2000
R00889,P1213,2,18-35,No,2012
R00890,P1156,4,36-55,No,1998
R00891,P0259,3,56-64,No,1998
R00892,P0332,4,18-35,No,2023
R00893,P0805,2,65+,No,1998
R00894,P0116,1,18-35,No,2002
R00895,P0155,3,36-55,No,2013
R00896,P0135,3,36-55,No,2007
R00897,P1313,1,18-35,No,2021
R00898,P0201,2,18-35,No,2004
R00899,P0205,2,18-35,No,2020
R00900,P0562,3,18-35,No,2021
R00901,P0516,2,65+,Yes,1991
R00902,P1272,3,36-55,No,1994
R00903,P0010,2,18-35,No,2021
R00904,P0646,4,18-35,No,1996
R00905,P0129,2,18-35,No,1990
R00906,P0651,1,18-35,No,1996
R00907,P1192,2,18-35,No,2008
R00908,P1060,4,36-55,No,1998
R00909,P0535,3,65+,Yes,2006
R00910,P0269,2,18-35,No,2006
R00911,P1287,4,36-55,No,1997
R00912,P1210,1,65+,Yes,2022
R00913,P0990,3,36-55,No,2002
R00914,P0428,4,56-64,No,2017
R00915,P0726,1,65+,No,2000
R00916,P0697,2,36-55,No,2019
R00917,P0564,1,36-55,No,2023
R00918,P0736,2,36-55,No,2024
R00919,P0352,4,36-55,No,2020
R00920,P0277,3,18-35,No,2019
R00921,P0815,2,56-64,,2021
R00922,P0625,5,65+,No,2009
R00923,P0765,1,36-55,No,2016
R00924,P0354,1,36-55,No,2011
R00925,P0376,2,56-64,No,2015
R00926,P0345,4,65+,No,2024
R00927,P0843,1,56-64,No,1990
R00928,P0186,4,18-35,No,2007
R00929,P0179,1,36-55,No,2017
R00930,P1241,2,36-55,No,2018
R00931,P0909,1,36-55,Yes,2022
R00932,P0702,4,18-35,No,2017
R00933,P0398,1,36-55,No,2011
R00934,P0039,4,36-55,Yes,1995
R00935,P1178,1,36-55,No,2001
R00936,P0276,1,65+,Yes,2004
R00937,P0783,4,56-64,No,2000
R00938,P1084,1,36-55,Yes,2015
R00939,P0576,3,65+,No,2015
R00940,P0971,4,65+,Yes,2001
R00941,P1452,2,65+,Yes,2010
R00942,P0468,3,18-35,,2018
R00943,P0872,2,65+,No,2003
R00944,P0406,4,18-35,No,2006
R00945,P0580,2,65+,Yes,2002
R00946,P1466,1,36-55,No,2008
R00947,P0239,5,18-35,No,2023
R00948,P1349,4,36-55,No,2016
R00949,P0065,3,56-64,,2011
R00950,P0369,3,18-35,No,2017
R00951,P0143,2,65+,Yes,2019
R00952,P0041,5,65+,No,2002
R00953,P0354,1,18-35,No,2003
R00954,P1148,1,36-55,No,1994
R00955,P1017,1,18-35,No,2011
R00956,P0403,3,36-55,No,1990
R00957,P0339,2,18-35,No,2005
R00958,P0776,3,18-35,No,1992
R00959,P0576,3,18-35,No,2019
R00960,P0130,2,65+,Yes,2011
R00961,P0466,3,36-55,No,2017
R00962,P0549,1,36-55,No,2010
R00963,P1209,3,65+,Yes,2024
R00964,P0452,2,18-35,No,1993
R00965,P0625,3,36-55,No,2002
R00966,P0602,1,36-55,No,2006
R00967,P0565,1,18-35,No,1995
R00968,P1111,4,65+,No,2014
R00969,P0852,2,36-55,No,2014
R00970,P0479,3,65+,No,1996
R00971,P0754,3,65+,Yes,2018
R00972,P1060,4,36-55,No,1999
R00973,P0928,2,56-64,No,2019
R00974,P0023,3,36-55,Yes,2012
R00975,P1331,3,36-55,Yes,2018
R00976,P0745,2,65+,Yes,2009
R00977,P0467,2,36-55,No,2024
R00978,P1043,2,18-35,No,2016
R00979,P1364,2,65+,No,1997
R00980,P1123,5,18-35,No,2016
R00981,P0974,3,36-55,No,1991
R00982,P1049,3,36-55,No,2010
R00983,P1029,3,56-64,No,1997
R00984,P0794,2,18-35,,2009
R00985,P1393,3,56-64,No,2014
R00986,P0987,4,18-35,No,2010
R00987,P0045,3,36-55,No,2004
R00988,P0242,2,18-35,No,2023
R00989,P0866,3,56-64,No,2014
R00990,P1399,2,18-35,No,2001
R00991,P0126,3,36-55,No,2024
R00992,P1385,3,18-35,No,2023
R00993,P1191,1,65+,No,1995
R00994,P1379,4,65+,No,2021
R00995,P0246,2,36-55,No,2005
R00996,P0478,3,36-55,No,1994
R00997,P1094,3,65+,No,2001
R00998,P0830,2,18-35,No,2024
R00999,P1407,5,18-35,No,2005
R01000,P0670,2,65+,No,1994
R01001,P0232,1,56-64,No,2016
R01002,P0921,1,36-55,No,2011
R01003,P1104,2,18-35,No,2002
R01004,P0557,2,65+,No,2007
R01005,P1349,4,65+,No,2024
R01006,P0155,3,36-55,No,2019
R01007,P0012,2,36-55,No,2017
R01008,P0455,2,36-55,No,2016
R01009,P0211,2,65+,No,1999
R01010,P1340,3,36-55,No,2018
R01011,P0095,1,18-35,No,2010
R01012,P0845,2,18-35,No,2000
R01013,P0064,3,36-55,No,2011
R01014,P0931,1,18-35,No,2016
R01015,P1127,1,65+,Yes,2009
R01016,P1079,1,65+,No,1991
R01017,P0938,1,36-55,No,2015
R01018,P1158,1,36-55,No,2012
R01019,P0155,3,18-35,No,2021
R01020,P0231,3,65+,,2007
R01021,P0352,3,36-55,No,1992
R01022,P1087,1,18-35,No,2019
R01023,P0117,3,65+,No,2016
R01024,P0399,3,65+,Yes,2003
R01025,P0668,4,36-55,No,2006
R01026,P0685,4,56-64,No,1991
R01027,P0167,1,56-64,No,2016
R01028,P1348,1,18-35,No,2003
R01029,P0836,2,36-55,No,1999
R01030,P0457,2,18-35,No,2007
R01031,P1168,3,65+,No,1993
R01032,P0512,3,36-55,No,1998
R01033,P0602,1,36-55,No,2009
R01034,P0087,2,18-35,No,2020
R01035,P1027,4,56-64,No,2016
R01036,P0571,3,65+,No,2007
R01037,P1045,2,18-35,No,2021
R01038,P1021,1,36-55,No,2015
R01039,P0842,1,18-35,No,2017
R01040,P0079,2,65+,No,2023
R01041,P0836,1,18-35,No,2009
R01042,P1162,3,65+,No,2001
R01043,P0277,4,65+,Yes,2023
R01044,P0793,1,65+,No,1998
R01045,P0023,2,36-55,No,2016
R01046,P1195,2,18-35,No,2024
R01047,P1209,5,65+,No,2019
R01048,P1205,3,36-55,No,2005
R01049,P0442,2,36-55,No,2023
R01050,P1139,2,56-64,No,2001
R01051,P0763,5,36-55,No,2007
R01052,P0522,3,18-35,No,2021
R01053,P0516,4,65+,Yes,2002
R01054,P1236,3,18-35,No,1995
R01055,P0317,4,36-55,Yes,2014
R01056,P0594,2,56-64,No,2019
R01057,P0817,1,36-55,No,1994
R01058,P0625,4,56-64,No,2008
R01059,P1498,5,18-35,No,2018
R01060,P0419,2,36-55,No,2024
R01061,P0963,1,36-55,No,2019
R01062,P1375,2,18-35,No,2007
R01063,P0608,3,36-55,No,1999
R01064,P0114,3,18-35,No,2005
R01065,P1168,5,65+,No,1996
R01066,P1275,3,36-55,No,2001
R01067,P1165,3,65+,No,2023
R01068,P0070,2,65+,No,2018
R01069,P0009,1,56-64,Yes,1990
R01070,P0919,2,36-55,No,2017
R01071,P1172,2,36-55,No,2008
R01072,P0014,1,56-64,No,2021
R01073,P0247,2,36-55,No,2002
R01074,P0988,2,36-55,No,1990
R01075,P0107,3,36-55,No,1994
R01076,P1017,4,36-55,No,1995
R01077,P1179,4,18-35,Yes,2020
R01078,P0684,3,56-64,No,1994
R01079,P1210,1,36-55,No,2014
R01080,P0389,1,18-35,No,2009
R01081,P0564,3,18-35,No,2022
R01082,P0555,2,18-35,No,2024
R01083,P0852,4,56-64,No,1994
R01084,P0011,3,36-55,No,2017
R01085,P0966,3,65+,No,2012
R01086,P0184,3,18-35,No,2024
R01087,P1215,1,18-35,No,2006
R01088,P0076,2,18-35,No,2022
R01089,P0003,1,36-55,Yes,1996
R01090,P0658,3,36-55,No,2020
R01091,P1371,2,36-55,No,2015
R01092,P0097,2,65+,Yes,2012
R01093,P0024,3,65+,No,2009
R01094,P0654,3,18-35,No,1991
R01095,P0510,3,56-64,No,2000
R01096,P0167,3,18-35,No,2007
R01097,P0807,4,56-64,No,1992
R01098,P0489,3,65+,No,2016
R01099,P1402,5,36-55,No,1991
R01100,P1352,2,36-55,No,2010
R01101,P0323,3,36-55,No,2014
R01102,P0579,2,56-64,Yes,2003
R01103,P1480,1,56-64,Yes,1993
R01104,P0389,2,36-55,No,1991
R01105,P1031,4,65+,No,2017
R01106,P0999,1,56-64,No,2020
R01107,P0088,2,18-35,No,2007
R01108,P1228,2,18-35,No,2017
R01109,P0456,1,18-35,No,2009
R01110,P0799,2,18-35,No,2019
R01111,P0694,2,36-55,No,2005
R01112,P0382,3,18-35,No,1992
R01113,P0605,4,56-64,No,2000
R01114,P0301,1,18-35,No,2020
R01115,P0015,2,65+,Yes,2007
R01116,P0607,2,56-64,,2021
R01117,P1391,4,56-64,No,2020
R01118,P0164,3,18-35,No,1994
R01119,P1265,3,56-64,No,2016
R01120,P0996,3,65+,Yes,2019
R01121,P0369,2,56-64,No,1990
R01122,P0745,1,18-35,No,2010
R01123,P1095,2,18-35,No,2018
R01124,P0013,1,36-55,No,2020
R01125,P0107,2,18-35,No,2017
R01126,P0018,2,18-35,No,1995
R01127,P1326,2,18-35,Yes,2024
R01128,P1204,1,65+,No,1999
R01129,P0338,1,56-64,No,1999
R01130,P0748,1,36-55,No,2002
R01131,P0943,3,36-55,No,2013
R01132,P0474,3,36-55,No,2015
R01133,P0086,1,56-64,No,1998
R01134,P0950,2,65+,No,2005
R01135,P1355,1,65+,No,2022
R01136,P0281,1,18-35,No,2008
R01137,P1421,2,36-55,No,2016
R01138,P1142,1,36-55,No,2020
R01139,P0798,2,36-55,No,2021
R01140,P0677,2,36-55,No,2013
R01141,P0306,1,36-55,Yes,2016
R01142,P0779,1,65+,No,2021
R01143,P0861,4,36-55,No,2019
R01144,P0022,1,65+,Yes,2016
R01145,P0832,1,18-35,No,2012
R01146,P0750,2,18-35,No,2019
R01147,P1395,1,36-55,No,2008
R01148,P0867,3,18-35,No,2006
R01149,P1079,2,18-35,No,2006
R01150,P0619,1,18-35,No,2018
R01151,P1162,1,56-64,No,2013
R01152,P0438,1,65+,No,2019
R01153,P1196,1,56-64,Yes,2017
R01154,P1317,5,36-55,No,2016
R01155,P0616,3,36-55,No,2022
R01156,P0796,3,36-55,No,2006
R01157,P1462,2,18-35,No,2008
R01158,P0811,2,18-35,No,1993
R01159,P0381,4,65+,No,2020
R01160,P1498,1,18-35,No,2024
R01161,P1316,1,18-35,Yes,2013
R01162,P0886,2,18-35,No,1999
R01163,P1414,2,56-64,Yes,2021
R01164,P0273,2,65+,No,2006
R01165,P0082,2,36-55,No,2017
R01166,P0336,4,65+,No,2018
R01167,P0771,2,36-55,No,2000
R01168,P0900,2,18-35,No,2007
R01169,P0459,3,65+,No,1992
R01170,P0280,1,18-35,No,2006
R01171,P1411,4,18-35,No,2004
R01172,P0359,3,18-35,No,2009
R01173,P1014,3,36-55,No,1990
R01174,P1378,3,65+,No,2011
R01175,P0551,2,18-35,No,2018
R01176,P0663,2,56-64,No,2003
R01177,P1129,4,18-35,Yes,2015
R01178,P0583,4,18-35,No,2017
R01179,P1281,4,18-35,No,2019
R01180,P0958,2,18-35,Yes,2022
R01181,P1434,5,65+,No,2007
R01182,P1496,3,65+,No,2003
R01183,P1144,2,18-35,No,2008
R01184,P1259,2,36-55,No,1998
R01185,P1291,1,56-64,Yes,2020
R01186,P1451,1,18-35,No,2007
R01187,P0038,3,65+,No,2020
R01188,P1037,2,36-55,No,1990
R01189,P0881,3,18-35,Yes,2015
R01190,P0391,3,56-64,No,2015
R01191,P0538,5,56-64,No,2020
R01192,P0548,1,36-55,No,1996
R01193,P1071,3,65+,No,2022
R01194,P1392,3,36-55,No,2021
R01195,P1226,3,18-35,No,2021
R01196,P0876,1,56-64,No,2012
R01197,P0030,3,36-55,No,2016
R01198,P0293,3,56-64,No,2003
R01199,P0262,1,18-35,No,2018
R01200,P0208,1,18-35,No,2018
R01201,P1353,3,18-35,No,2011
R01202,P0467,1,18-35,Yes,2022
R01203,P0895,4,65+,No,2010
R01204,P0396,3,65+,No,2019
R01205,P1020,1,65+,No,2000
R01206,P0699,2,36-55,No,2021
R01207,P0132,3,56-64,No,1998
R01208,P0420,2,36-55,,2001
R01209,P0676,2,65+,Yes,2014
R01210,P1070,1,56-64,No,2002
R01211,P1430,2,36-55,No,2011
R01212,P0958,3,36-55,No,2007
R01213,P0802,1,56-64,No,2018
R01214,P1277,1,56-64,No,2024
R01215,P0495,5,65+,No,2018
R01216,P0316,2,65+,Yes,2024
R01217,P0122,2,18-35,Yes,2015
R01218,P0272,1,36-55,No,2011
R01219,P0921,2,36-55,No,2021
R01220,P1363,5,65+,Yes,2012
R01221,P1011,2,65+,Yes,2013
R01222,P0883,2,18-35,No,2017
R01223,P0692,2,65+,No,2009
R01224,P0597,3,36-55,No,2012
R01225,P0523,2,18-35,No,2009
R01226,P0533,1,36-55,No,2016
R01227,P0011,1,65+,Yes,2024
R01228,P0833,5,65+,Yes,2020
R01229,P0478,4,65+,No,2017
R01230,P0131,3,65+,No,1992
R01231,P1275,1,65+,,2006
R01232,P1050,2,18-35,Yes,2011
R01233,P1498,1,36-55,No,2018
R01234,P1247,3,18-35,Yes,2007
R01235,P1369,3,36-55,No,1994
R01236,P1244,3,36-55,No,2022
R01237,P0998,1,18-35,No,2007
R01238,P0225,1,36-55,No,1990
R01239,P0612,1,18-35,No,2022
R01240,P1416,2,65+,No,2017
R01241,P1174,1,36-55,No,2014
R01242,P0515,2,65+,No,1992
R01243,P0288,3,36-55,No,2006
R01244,P0554,1,65+,No,2004
R01245,P0185,2,36-55,No,2020
R01246,P0681,2,36-55,No,2019
R01247,P0392,3,18-35,No,2021
R01248,P1362,2,18-35,No,2013
R01249,P1249,2,65+,No,1994
R01250,P1052,4,56-64,No,2023
R01251,P1478,2,18-35,No,2022
R01252,P0265,4,36-55,No,2015
R01253,P1427,2,65+,Yes,2016
R01254,P0326,1,56-64,Yes,2017
R01255,P0064,4,36-55,No,2017
R01256,P0340,2,65+,Yes,2012
R01257,P0430,1,65+,Yes,2007
R01258,P0787,3,65+,Yes,1995
R01259,P0761,1,65+,No,2022
R01260,P0185,2,36-55,No,2020
R01261,P0782,4,65+,No,2016
R01262,P1276,2,65+,No,1999
R01263,P0483,1,56-64,Yes,2009
R01264,P0244,2,36-55,No,1999
R01265,P0351,2,56-64,No,1992
R01266,P1451,3,56-64,No,2007
R01267,P1464,2,36-55,Yes,2007
R01268,P0955,5,36-55,No,2017
R01269,P1285,4,36-55,No,2003
R01270,P1216,3,65+,No,2010
R01271,P0927,4,36-55,Yes,2014
R01272,P0133,2,36-55,No,2020
R01273,P0757,2,36-55,No,2006
R01274,P0344,2,36-55,No,2022
R01275,P0908,3,36-55,No,1991
R01276,P1404,3,18-35,No,2023
R01277,P1396,1,18-35,No,1991
R01278,P1295,3,56-64,No,2024
R01279,P0205,1,36-55,No,2017
R01280,P1343,4,18-35,No,1991
R01281,P1329,4,18-35,No,1992
R01282,P0243,1,36-55,No,2024
R01283,P0301,3,18-35,No,2024
R01284,P0474,1,65+,No,2017
R01285,P1355,1,65+,No,2011
R01286,P1462,1,36-55,No,2010
R01287,P1258,2,36-55,No,2004
R01288,P0392,1,56-64,Yes,2022
R01289,P0906,2,18-35,No,2003
R01290,P0206,1,36-55,Yes,2010
R01291,P0902,3,18-35,No,1995
R01292,P1075,2,36-55,No,2005
R01293,P1058,1,65+,Yes,2009
R01294,P0753,4,36-55,No,2011
R01295,P0638,1,65+,No,2024
R01296,P1437,1,18-35,No,2010
R01297,P0101,2,36-55,No,2004
R01298,P1286,3,65+,No,1994
R01299,P0077,2,36-55,No,2023
R01300,P1102,1,65+,Yes,2016
R01301,P1286,1,36-55,No,2016
R01302,P0969,2,18-35,No,2018
R01303,P0867,4,36-55,No,1995
R01304,P0136,2,65+,No,2021
R01305,P0448,3,36-55,No,1998
R01306,P0728,3,36-55,No,2000
R01307,P1232,4,56-64,No,2004
R01308,P0214,2,65+,No,2016
R01309,P1456,1,36-55,Yes,2011
R01310,P0755,5,56-64,No,2023
R01311,P0465,2,36-55,No,2013
R01312,P0142,2,36-55,No,2005
R01313,P1195,2,36-55,No,2018
R01314,P0615,2,36-55,No,2014
R01315,P0797,1,18-35,No,2012
R01316,P1116,2,18-35,No,2014
R01317,P1249,1,18-35,Yes,1990
R01318,P0331,4,18-35,No,2015
R01319,P1157,2,36-55,,2016
R01320,P0467,3,18-35,No,2022
R01321,P0792,2,18-35,No,2003
R01322,P1422,3,36-55,Yes,2000
R01323,P1212,4,65+,No,2008
R01324,P1361,2,18-35,No,1991
R01325,P0311,2,65+,Yes,2020
R01326,P1178,3,36-55,No,2001
R01327,P0239,3,18-35,No,2023
R01328,P0253,2,36-55,No,2022
R01329,P0160,1,65+,No,2021
R01330,P0570,2,65+,Yes,2023
R01331,P0263,1,56-64,Yes,2024
R01332,P0082,1,65+,No,2020
R01333,P1135,2,36-55,No,2004
R01334,P0193,2,36-55,Yes,2019
R01335,P1302,1,65+,Yes,2011
R01336,P0056,2,18-35,No,2015
R01337,P0129,2,65+,No,2017
R01338,P0630,1,65+,No,1997
R01339,P1126,2,36-55,No,2003
R01340,P0137,2,56-64,No,2014
R01341,P1255,3,36-55,No,2023
R01342,P0375,3,36-55,No,2006
R01343,P0190,1,18-35,No,2019
R01344,P0006,5,56-64,No,2010
R01345,P1493,4,18-35,No,2018
R01346,P0591,3,18-35,No,2018
R01347,P0289,1,65+,Yes,1990
R01348,P0616,2,18-35,No,2021
R01349,P0740,2,56-64,No,2013
R01350,P1407,3,36-55,No,2012
R01351,P0191,1,56-64,No,2020
R01352,P1059,2,65+,Yes,1998
R01353,P1410,1,18-35,No,2014
R01354,P0903,3,36-55,Yes,2002
R01355,P0107,3,65+,No,1993
R01356,P0205,2,36-55,No,1998
R01357,P0640,1,18-35,Yes,2012
R01358,P0513,1,36-55,No,1996
R01359,P0031,2,36-55,No,2014
R01360,P0093,3,36-55,No,2016
R01361,P0617,1,56-64,No,2018
R01362,P1316,2,65+,Yes,2017
R01363,P1185,3,18-35,No,1996
R01364,P0763,5,18-35,No,1992
R01365,P0828,1,18-35,Yes,2024
R01366,P0885,3,65+,No,2011
R01367,P1425,1,36-55,No,2019
R01368,P0591,2,18-35,No,2003
R01369,P0827,2,18-35,No,2006
R01370,P0655,4,36-55,Yes,2015
R01371,P0870,3,18-35,No,2000
R01372,P0264,1,18-35,Yes,2010
R01373,P0476,3,36-55,No,2001
R01374,P0097,2,18-35,Yes,2024
R01375,P1258,3,65+,Yes,2003
R01376,P0525,3,18-35,No,2013
R01377,P0467,2,36-55,No,2016
R01378,P0440,1,56-64,No,2016
R01379,P1392,2,18-35,No,2023
R01380,P0612,3,18-35,No,2016
R01381,P0355,2,36-55,No,2007
R01382,P0357,2,56-64,No,2006
R01383,P0507,2,36-55,No,2005
R01384,P0567,2,36-55,No,2013
R01385,P1274,2,18-35,No,1995
R01386,P0686,2,65+,No,2015
R01387,P0760,3,36-55,Yes,2022
R01388,P0799,4,36-55,No,2022
R01389,P1047,1,65+,No,2020
R01390,P0546,3,65+,Yes,2006
R01391,P1192,2,18-35,No,2015
R01392,P0807,3,36-55,No,2003
R01393,P1150,2,56-64,,1998
R01394,P1299,3,36-55,No,2005
R01395,P0316,2,65+,No,2014
R01396,P1012,3,18-35,No,2020
R01397,P0168,2,36-55,No,2016
R01398,P0403,4,36-55,No,2007
R01399,P0436,5,18-35,No,2023
R01400,P0879,1,36-55,No,1998
R01401,P0806,2,18-35,No,2005
R01402,P1262,3,65+,No,2019
R01403,P0159,3,36-55,No,2022
R01404,P0171,1,65+,No,2002
R01405,P1423,3,18-35,Yes,2024
R01406,P0427,2,36-55,No,2002
R01407,P0009,5,18-35,,2020
R01408,P1135,5,18-35,No,2016
R01409,P1499,1,18-35,No,2002
R01410,P0585,2,18-35,No,2022
R01411,P0813,2,36-55,No,2023
R01412,P1185,5,36-55,No,2016
R01413,P0608,1,36-55,No,2002
R01414,P1225,1,18-35,No,2009
R01415,P0024,2,65+,Yes,1995
R01416,P1368,1,36-55,No,2014
R01417,P1472,1,36-55,No,2021
R01418,P1377,1,56-64,No,2003
R01419,P0674,1,18-35,No,2014
R01420,P0221,2,56-64,No,1997
R01421,P0822,4,18-35,No,1992
R01422,P0167,1,18-35,No,2001
R01423,P0976,3,36-55,No,2003
R01424,P1405,2,56-64,No,2024
R01425,P1416,1,56-64,No,2023
R01426,P1011,3,18-35,No,2015
R01427,P0187,1,18-35,No,1995
R01428,P0052,1,36-55,,2000
R01429,P0080,1,36-55,,2016
R01430,P0244,2,36-55,Yes,1994
R01431,P1272,3,18-35,No,2005
R01432,P0529,3,56-64,No,2021
R01433,P0535,4,65+,Yes,2002
R01434,P0153,2,56-64,No,2009
R01435,P0995,3,65+,Yes,2024
R01436,P0783,1,36-55,No,2022
R01437,P0177,4,18-35,No,1996
R01438,P1194,3,65+,,1998
R01439,P0622,5,56-64,Yes,2023
R01440,P1138,3,18-35,Yes,2005
R01441,P1093,3,36-55,No,2021
R01442,P1428,1,65+,Yes,2017
R01443,P0976,3,36-55,No,2017
R01444,P0385,2,18-35,No,1995
R01445,P0077,4,36-55,No,2017
R01446,P1347,4,18-35,No,2014
R01447,P0347,1,18-35,No,2020
R01448,P0156,4,18-35,No,2011
R01449,P0106,3,56-64,No,2007
R01450,P0796,1,36-55,No,2006
R01451,P0343,4,18-35,No,2009
R01452,P0154,1,36-55,No,1994
R01453,P1450,3,36-55,No,2006
R01454,P1067,3,65+,No,2009
R01455,P1038,2,65+,Yes,1993
R01456,P0063,2,36-55,No,2011
R01457,P0887,2,65+,No,2003
R01458,P0749,2,36-55,No,2015
R01459,P0919,2,18-35,No,2015
R01460,P0273,4,36-55,No,2006
R01461,P0784,4,36-55,No,2017
R01462,P0603,4,56-64,No,2016
R01463,P0011,5,36-55,No,2022
R01464,P0369,2,56-64,No,1996
R01465,P0011,1,36-55,No,2022
R01466,P1109,3,56-64,No,1996
R01467,P0996,1,18-35,No,2003
R01468,P0394,2,18-35,No,2000
R01469,P0287,1,36-55,No,1999
R01470,P0582,1,18-35,No,2014
R01471,P1078,2,65+,No,2012
R01472,P0066,1,18-35,No,2007
R01473,P0927,3,18-35,No,2021
R01474,P0209,2,65+,Yes,1994
R01475,P0644,2,65+,No,1999
R01476,P0338,4,36-55,No,1990
R01477,P0895,2,36-55,No,2017
R01478,P1003,2,18-35,No,2021
R01479,P0493,1,65+,Yes,1994
R01480,P0049,3,18-35,No,2011
R01481,P0497,2,36-55,No,2012
R01482,P1046,3,18-35,No,2008
R01483,P0962,2,56-64,No,1998
R01484,P1128,1,18-35,No,2004
R01485,P0047,2,56-64,No,1991
R01486,P1380,5,36-55,No,2014
R01487,P1368,1,18-35,No,2018
R01488,P0514,3,65+,No,2018
R01489,P1222,2,36-55,No,2013
R01490,P0706,5,56-64,No,2009
R01491,P1430,3,36-55,No,2020
R01492,P0002,4,36-55,No,1993
R01493,P1413,1,65+,No,2024
R01494,P0879,1,18-35,Yes,2013
R01495,P0861,3,18-35,No,2017
R01496,P0910,3,18-35,No,2018
R01497,P0849,1,18-35,No,1994
R01498,P0613,2,36-55,No,2004
R01499,P1301,1,18-35,No,2019
R01500,P1262,3,36-55,No,2007
R01501,P0552,1,56-64,No,2001
R01502,P0662,3,65+,No,2022
R01503,P0378,1,18-35,No,2007
R01504,P0618,2,56-64,No,2019
R01505,P1453,1,18-35,No,2005
R01506,P0816,3,36-55,No,2021
R01507,P0578,3,36-55,Yes,2001
R01508,P1022,2,36-55,No,2016
R01509,P0756,3,18-35,No,2004
R01510,P1346,1,56-64,,2011
R01511,P0735,1,18-35,Yes,2024
R01512,P0286,2,18-35,No,2009
R01513,P1240,2,18-35,No,1995
R01514,P0907,2,36-55,No,1998
R01515,P0269,1,18-35,No,2001
R01516,P0245,2,18-35,No,2015
R01517,P0784,3,36-55,No,2016
R01518,P0812,1,18-35,No,2000
R01519,P0442,1,18-35,,2017
R01520,P0619,2,65+,Yes,2001
R01521,P0310,1,18-35,No,2008
R01522,P1181,2,18-35,No,2014
R01523,P1003,2,18-35,Yes,2013
R01524,P1324,1,56-64,No,2017
R01525,P0204,2,18-35,No,2024
R01526,P1471,3,56-64,Yes,2013
R01527,P0725,4,36-55,No,2001
R01528,P0465,1,56-64,No,2003
R01529,P0280,2,18-35,,2019
R01530,P0954,4,36-55,Yes,2018
R01531,P0772,1,56-64,No,2018
R01532,P0027,4,18-35,,2019
R01533,P0402,3,56-64,Yes,1999
R01534,P1373,2,36-55,,2023
R01535,P0697,1,18-35,,2019
R01536,P0138,1,56-64,,1996
R01537,P1435,2,36-55,Yes,1994
R01538,P1478,3,18-35,No,2021
R01539,P0234,2,36-55,No,2018
R01540,P0050,2,65+,No,2003
R01541,P0687,2,18-35,No,1998
R01542,P1105,2,18-35,No,2014
R01543,P1303,3,18-35,No,2011
R01544,P0452,3,18-35,No,1999
R01545,P1242,1,18-35,Yes,2005
R01546,P0929,3,56-64,Yes,2024
R01547,P1157,3,18-35,No,2016
R01548,P0425,1,36-55,No,2022
R01549,P1029,3,36-55,No,2011
R01550,P1097,2,18-35,No,2003
R01551,P1399,2,36-55,Yes,2011
R01552,P0431,3,18-35,Yes,2007
R01553,P1367,3,65+,No,2000
R01554,P1435,2,18-35,No,2004
R01555,P0756,1,18-35,No,2007
R01556,P0648,5,18-35,No,2005
R01557,P1002,4,36-55,No,2014
R01558,P1257,2,36-55,No,2022
R01559,P0602,2,18-35,No,2008
R01560,P1451,2,18-35,No,1998
R01561,P0645,1,36-55,No,2016
R01562,P0670,2,65+,No,1998
R01563,P1377,1,36-55,No,2018
R01564,P0856,3,18-35,No,2010
R01565,P1439,1,36-55,No,2006
R01566,P1403,4,65+,Yes,1997
R01567,P0617,2,56-64,No,1992
R01568,P0382,1,18-35,No,2019
R01569,P1127,4,56-64,No,2021
R01570,P1495,2,18-35,No,2023
R01571,P1481,3,65+,Yes,2001
R01572,P1065,1,56-64,No,2003
R01573,P0472,2,36-55,Yes,2017
R01574,P1138,2,65+,No,2005
R01575,P0498,2,36-55,No,2024
R01576,P0115,5,56-64,No,1994
R01577,P1470,5,36-55,No,2009
R01578,P0025,2,36-55,No,1998
R01579,P1066,3,18-35,Yes,1999
R01580,P0311,1,65+,Yes,2024
R01581,P0599,2,18-35,No,2006
R01582,P1113,1,65+,Yes,2018
R01583,P1384,3,18-35,No,2019
R01584,P1416,2,36-55,No,2018
R01585,P1429,1,18-35,No,2020
R01586,P0519,2,18-35,No,1998
R01587,P0050,3,36-55,No,1993
R01588,P0233,4,18-35,No,2015
R01589,P1155,4,36-55,No,1992
R01590,P0159,1,36-55,No,2020
R01591,P0707,3,36-55,No,2023
R01592,P1316,1,65+,Yes,2023
R01593,P1044,2,56-64,No,2008
R01594,P0523,2,18-35,Yes,2005
R01595,P0131,2,36-55,No,1994
R01596,P1408,1,36-55,No,2014
R01597,P0212,2,36-55,No,2019
R01598,P0655,2,18-35,Yes,1990
R01599,P0212,5,36-55,No,2008
R01600,P0917,1,65+,No,2006
R01601,P0074,1,65+,Yes,2019
R01602,P1346,1,65+,No,2006
R01603,P0991,2,36-55,No,2014
R01604,P0798,3,56-64,No,2018
R01605,P0175,2,36-55,No,2020
R01606,P0730,2,56-64,Yes,2020
R01607,P0328,3,36-55,Yes,2010
R01608,P0058,2,65+,Yes,2002
R01609,P0524,2,36-55,No,2017
R01610,P0671,2,18-35,No,2013
R01611,P0491,5,36-55,No,2022
R01612,P0335,2,36-55,No,2014
R01613,P0959,3,56-64,No,1997
R01614,P0137,2,36-55,No,2017
R01615,P0877,2,36-55,No,2002
R01616,P0014,1,36-55,No,2024
R01617,P0367,2,36-55,No,2021
R01618,P0455,1,18-35,No,2016
R01619,P0338,2,65+,Yes,2009
R01620,P0874,1,18-35,No,2019
R01621,P0391,3,18-35,No,2020
R01622,P0257,4,65+,No,2004
R01623,P1138,3,65+,No,2016
R01624,P0961,2,56-64,No,2011
R01625,P1027,2,36-55,No,2023
R01626,P1337,2,36-55,Yes,2020
R01627,P0126,1,65+,Yes,1996
R01628,P0290,2,18-35,No,2022
R01629,P0595,2,65+,No,2012
R01630,P1349,3,65+,No,2018
R01631,P0193,3,65+,No,2021
R01632,P0247,2,36-55,No,2014
R01633,P0748,4,36-55,No,2015
R01634,P0933,3,18-35,No,2021
R01635,P1074,3,18-35,No,2019
R01636,P0036,3,36-55,No,2008
R01637,P0284,4,36-55,No,2016
R01638,P0940,2,65+,Yes,2010
R01639,P1187,1,18-35,,1990
R01640,P0940,1,56-64,,2015
R01641,P0863,1,18-35,No,1997
R01642,P0170,3,36-55,No,1996
R01643,P0090,1,56-64,,2016
R01644,P0019,1,18-35,No,2017
R01645,P1172,4,56-64,No,2011
R01646,P1225,2,36-55,No,2004
R01647,P0653,2,36-55,No,2016
R01648,P0183,3,18-35,No,2022
R01649,P1168,1,18-35,No,2022
R01650,P0847,5,36-55,No,2005
R01651,P0320,1,18-35,No,2019
R01652,P1419,1,56-64,No,2011
R01653,P1062,1,36-55,No,2023
R01654,P1213,3,65+,No,1998
R01655,P0595,1,65+,No,1999
R01656,P0043,2,56-64,Yes,2014
R01657,P0036,2,36-55,No,2011
R01658,P0574,2,18-35,No,2007
R01659,P1335,2,18-35,No,2002
R01660,P0481,2,36-55,No,2003
R01661,P0782,3,56-64,No,1990
R01662,P0184,5,18-35,Yes,1993
R01663,P1078,4,36-55,Yes,2021
R01664,P1068,1,18-35,No,2017
R01665,P0092,1,36-55,No,2011
R01666,P1432,4,18-35,No,2001
R01667,P1280,2,36-55,No,2006
R01668,P1447,2,36-55,No,2015
R01669,P0856,2,36-55,No,2022
R01670,P0169,1,18-35,No,2017
R01671,P0137,1,65+,No,2009
R01672,P0940,3,65+,No,2008
R01673,P0712,5,18-35,No,1995
R01674,P0075,4,56-64,No,2015
R01675,P0501,1,36-55,No,2003
R01676,P1239,2,36-55,No,1999
R01677,P1143,3,18-35,No,2017
R01678,P0865,3,36-55,No,2012
R01679,P1327,1,56-64,No,2021
R01680,P0875,2,65+,No,2024
R01681,P0816,4,18-35,No,2005
R01682,P0838,3,36-55,No,2020
R01683,P0051,1,56-64,No,2024
R01684,P1311,1,65+,Yes,2020
R01685,P0377,2,36-55,No,2022
R01686,P0023,2,56-64,No,2010
R01687,P0176,5,65+,Yes,2001
R01688,P1128,3,36-55,No,2024
R01689,P1248,1,18-35,No,2010
R01690,P1159,2,18-35,No,2021
R01691,P0984,2,36-55,No,2024
R01692,P0779,2,36-55,No,2013
R01693,P0757,4,36-55,No,2023
R01694,P0149,4,65+,Yes,2018
R01695,P0224,3,56-64,No,2015
R01696,P1194,2,18-35,No,2012
R01697,P0812,2,18-35,No,2001
R01698,P1328,1,65+,No,1992
R01699,P0115,4,36-55,Yes,2001
R01700,P0537,1,56-64,Yes,2023
R01701,P1150,3,36-55,No,1993
R01702,P1283,2,18-35,No,2020
R01703,P0037,1,56-64,Yes,2018
R01704,P0028,1,36-55,No,2017
R01705,P1011,2,36-55,No,2010
R01706,P1355,2,36-55,No,2009
R01707,P0466,4,36-55,No,2011
R01708,P1299,2,36-55,No,1990
R01709,P1021,2,18-35,No,2006
R01710,P0354,4,56-64,No,2002
R01711,P1438,3,36-55,No,2023
R01712,P0591,4,56-64,No,2005
R01713,P1315,4,36-55,No,2013
R01714,P0836,2,65+,Yes,2014
R01715,P1112,3,56-64,No,2017
R01716,P0519,3,18-35,No,1994
R01717,P0575,2,36-55,No,2024
R01718,P1358,4,36-55,No,2002
R01719,P1365,4,18-35,No,2008
R01720,P1151,4,18-35,No,2012
R01721,P1342,2,36-55,No,2016
R01722,P1013,2,65+,No,2023
R01723,P0642,2,18-35,No,2019
R01724,P0969,2,36-55,No,2024
R01725,P0596,2,56-64,No,2003
R01726,P1346,4,18-35,No,2020
R01727,P1223,3,65+,Yes,1991
R01728,P1483,3,36-55,Yes,2021
R01729,P0066,2,36-55,No,2000
R01730,P0017,1,18-35,No,2003
R01731,P1162,1,36-55,No,2021
R01732,P0291,4,36-55,No,2012
R01733,P1366,2,56-64,Yes,1991
R01734,P0130,2,36-55,No,1997
R01735,P0726,1,18-35,No,1990
R01736,P0615,5,18-35,No,2018
R01737,P0193,1,36-55,,2019
R01738,P0951,2,56-64,No,2004
R01739,P0459,3,36-55,No,2011
R01740,P0386,1,56-64,No,2008
R01741,P0292,1,36-55,Yes,2017
R01742,P0822,2,65+,No,1999
R01743,P1130,2,56-64,No,2012
R01744,P0228,3,36-55,No,2019
R01745,P0395,2,56-64,No,2011
R01746,P0165,1,56-64,No,1995
R01747,P1198,2,18-35,No,2009
R01748,P0705,4,36-55,No,2023
R01749,P0930,2,65+,No,2020
R01750,P0382,3,18-35,No,2005
R01751,P0906,2,18-35,No,1995
R01752,P1368,2,36-55,No,2000
R01753,P0872,1,18-35,No,1991
R01754,P1053,2,18-35,No,2016
R01755,P0906,2,18-35,No,1993
R01756,P0869,2,18-35,No,2005
R01757,P0042,4,18-35,No,2021
R01758,P0152,3,36-55,Yes,2011
R01759,P0067,4,56-64,No,2024
R01760,P0293,3,18-35,No,2016
R01761,P0903,2,65+,No,2003
R01762,P0575,3,65+,No,2023
R01763,P0079,2,36-55,No,2008
R01764,P1332,1,18-35,No,2005
R01765,P0821,1,18-35,No,2001
R01766,P1480,1,18-35,No,2013
R01767,P0760,2,36-55,No,2016
R01768,P0226,4,18-35,Yes,2011
R01769,P1288,1,65+,No,2002
R01770,P1325,1,36-55,No,2004
R01771,P0174,3,56-64,,2017
R01772,P1199,3,18-35,No,2015
R01773,P0033,2,56-64,Yes,2017
R01774,P0958,2,36-55,No,2011
R01775,P0132,3,18-35,No,1997
R01776,P0876,1,36-55,No,2024
R01777,P1002,1,36-55,No,2005
R01778,P0814,2,18-35,No,2003
R01779,P1392,3,56-64,Yes,2017
R01780,P0736,1,36-55,No,2016
R01781,P0906,3,36-55,No,1995
R01782,P0765,4,18-35,No,2014
R01783,P0022,3,18-35,No,2014
R01784,P1067,2,36-55,No,2004
R01785,P0635,3,65+,Yes,2018
R01786,P1031,2,56-64,Yes,1993
R01787,P0558,1,56-64,No,2007
R01788,P0836,2,36-55,No,1994
R01789,P1099,3,18-35,No,2024
R01790,P1035,1,18-35,No,2019
R01791,P1362,1,18-35,Yes,2010
R01792,P0206,1,18-35,Yes,2024
R01793,P0636,2,18-35,No,2024
R01794,P1121,1,56-64,Yes,2024
R01795,P0404,3,18-35,No,2014
R01796,P1072,1,56-64,No,2016
R01797,P0019,2,36-55,No,2002
R01798,P1329,5,36-55,No,2014
R01799,P1230,1,56-64,No,2009
R01800,P1328,2,36-55,Yes,1991
R01801,P0725,1,18-35,No,1995
R01802,P0971,3,36-55,No,2003
R01803,P1149,2,56-64,No,2024
R01804,P1243,2,18-35,No,2012
R01805,P0761,1,18-35,No,2022
R01806,P0165,2,56-64,No,2006
R01807,P0745,2,36-55,No,2019
R01808,P0694,2,18-35,No,2017
R01809,P1021,1,36-55,No,1997
R01810,P1410,3,36-55,No,2011
R01811,P0872,1,36-55,No,2015
R01812,P0782,5,36-55,No,1991
R01813,P0763,2,18-35,Yes,2022
R01814,P0587,3,18-35,No,2003
R01815,P1408,2,56-64,,2015
R01816,P0780,5,36-55,No,2014
R01817,P0361,3,18-35,No,2008
R01818,P1393,1,65+,No,2001
R01819,P1402,2,36-55,No,2001
R01820,P0606,2,18-35,No,2023
R01821,P0864,2,65+,Yes,1991
R01822,P0513,2,36-55,No,2014
R01823,P1215,2,36-55,Yes,2014
R01824,P1129,2,65+,Yes,2007
R01825,P1109,2,56-64,No,2004
R01826,P0823,2,56-64,Yes,2012
R01827,P1181,5,56-64,Yes,2022
R01828,P1217,1,36-55,No,2018
R01829,P0786,2,18-35,Yes,2006
R01830,P0103,2,65+,Yes,2004
R01831,P0168,3,18-35,No,2007
R01832,P0983,1,18-35,Yes,2004
R01833,P0915,2,56-64,No,2022
R01834,P0110,4,36-55,No,2024
R01835,P1256,2,65+,No,2006
R01836,P1181,3,18-35,No,2020
R01837,P1230,1,18-35,No,1996
R01838,P1005,1,18-35,No,2024
R01839,P0688,4,36-55,No,2024
R01840,P1358,1,65+,No,2017
R01841,P0158,2,36-55,No,2023
R01842,P0642,3,18-35,No,2015
R01843,P0193,1,36-55,No,2024
R01844,P0722,2,18-35,No,2016
R01845,P0212,3,36-55,No,2021
R01846,P1149,3,18-35,No,2003
R01847,P1077,3,56-64,No,2022
R01848,P0110,2,65+,Yes,1994
R01849,P0234,4,36-55,Yes,1994
R01850,P0873,4,36-55,No,2021
R01851,P0352,1,18-35,No,2002
R01852,P0864,5,65+,Yes,2020
R01853,P1258,3,36-55,No,1992
R01854,P0636,3,65+,Yes,2024
R01855,P0335,3,56-64,No,2018
R01856,P1032,2,56-64,No,2015
R01857,P1393,2,36-55,No,2001
R01858,P0314,2,18-35,No,2010
R01859,P0298,5,56-64,No,2017
R01860,P0897,4,18-35,No,2004
R01861,P0661,2,65+,No,2017
R01862,P1011,4,65+,No,2001
R01863,P1441,4,56-64,No,1997
R01864,P0249,3,36-55,No,2009
R01865,P0734,2,65+,No,2006
R01866,P0652,2,36-55,No,1993
R01867,P1236,2,65+,No,2015
R01868,P1068,3,36-55,No,2001
R01869,P1333,2,56-64,No,2024
R01870,P0952,1,18-35,No,2004
R01871,P1439,1,36-55,No,2002
R01872,P0674,2,56-64,Yes,2015
R01873,P1041,1,65+,Yes,2020
R01874,P0394,3,36-55,No,1998
R01875,P0248,3,18-35,No,2016
R01876,P1447,5,36-55,No,2022
R01877,P0350,4,65+,Yes,2013
R01878,P1076,4,65+,Yes,1993
R01879,P0844,2,18-35,No,2017
R01880,P0641,1,18-35,No,1999
R01881,P1329,4,18-35,No,2007
R01882,P0319,2,56-64,Yes,2007
R01883,P0502,3,56-64,Yes,2022
R01884,P0631,2,36-55,No,1998
R01885,P0242,2,36-55,No,2016
R01886,P0854,5,18-35,No,2008
R01887,P0212,2,36-55,No,1994
R01888,P0395,2,36-55,No,1998
R01889,P0615,4,65+,No,2019
R01890,P0115,3,65+,Yes,1994
R01891,P1367,4,56-64,Yes,2002
R01892,P0652,2,36-55,No,2001
R01893,P0073,2,18-35,No,2024
R01894,P0782,3,56-64,No,2001
R01895,P0344,2,18-35,No,1995
R01896,P1165,1,65+,No,2018
R01897,P0393,2,18-35,No,2004
R01898,P0626,1,56-64,No,2008
R01899,P0005,2,56-64,No,2003
R01900,P0554,3,18-35,No,2023
R01901,P1104,2,65+,Yes,2022
R01902,P0760,1,65+,No,2021
R01903,P1254,1,18-35,No,2013
R01904,P0590,2,18-35,No,2014
R01905,P1271,3,36-55,No,2023
R01906,P0551,1,65+,Yes,2012
R01907,P0335,5,65+,No,2021
R01908,P1273,5,36-55,No,2023
R01909,P1294,4,18-35,No,2017
R01910,P0581,2,36-55,Yes,2020
R01911,P0830,1,18-35,No,2023
R01912,P0413,1,56-64,No,2011
R01913,P0562,1,36-55,No,2019
R01914,P0584,2,36-55,No,2008
R01915,P1058,4,36-55,No,2006
R01916,P0936,1,56-64,No,2008
R01917,P0888,2,18-35,No,2020
R01918,P0169,1,65+,Yes,2017
R01919,P0534,4,65+,No,2022
R01920,P0211,2,36-55,No,2017
R01921,P1491,2,56-64,Yes,2022
R01922,P0866,4,56-64,No,2023
R01923,P0600,1,65+,No,2003
R01924,P0582,2,65+,Yes,2022
R01925,P0891,3,36-55,No,2007
R01926,P0664,3,18-35,No,2016
R01927,P0837,3,36-55,No,2021
R01928,P0703,2,18-35,No,2024
R01929,P0542,3,56-64,No,2024
R01930,P1440,3,18-35,No,2018
R01931,P0255,1,18-35,No,1998
R01932,P1398,3,36-55,No,2017
R01933,P0877,3,56-64,No,2009
R01934,P1054,5,18-35,No,2005
R01935,P1060,3,36-55,No,2016
R01936,P1146,3,56-64,Yes,2022
R01937,P0719,2,56-64,Yes,1995
R01938,P0290,2,36-55,No,2003
R01939,P1251,3,18-35,No,2022
R01940,P0756,1,65+,No,2019
R01941,P0718,2,56-64,Yes,2007
R01942,P0794,1,18-35,No,2017
R01943,P0442,2,56-64,Yes,2021
R01944,P0826,3,36-55,No,2005
R01945,P0477,1,18-35,No,2000
R01946,P0456,2,56-64,Yes,2006
R01947,P0919,3,65+,No,2009
R01948,P0574,4,36-55,No,2000
R01949,P1383,2,18-35,No,2021
R01950,P0911,3,56-64,No,2021
R01951,P1016,1,36-55,No,2013
R01952,P1256,1,18-35,No,2008
R01953,P1029,3,18-35,No,2002
R01954,P0914,2,56-64,No,1991
R01955,P0492,2,36-55,No,2013
R01956,P0052,1,18-35,No,2020
R01957,P0863,2,18-35,No,2012
R01958,P0410,2,18-35,No,2024
R01959,P0426,2,18-35,No,2005
R01960,P0067,3,18-35,No,1992
R01961,P0838,2,36-55,No,2018
R01962,P0595,2,36-55,No,2011
R01963,P1341,2,36-55,No,2005
R01964,P0411,4,18-35,No,1992
R01965,P1293,3,65+,No,1992
R01966,P0533,3,65+,No,2013
R01967,P0144,1,18-35,No,2013
R01968,P0864,1,36-55,No,2022
R01969,P1163,2,36-55,No,2010
R01970,P0178,2,56-64,No,2003
R01971,P0918,4,18-35,No,2018
R01972,P1496,2,36-55,No,2022
R01973,P1317,4,36-55,No,2010
R01974,P0575,3,56-64,No,2014
R01975,P1122,4,56-64,Yes,2013
R01976,P1459,1,36-55,No,2013
R01977,P0035,2,36-55,No,2001
R01978,P1437,2,18-35,No,2001
R01979,P1017,2,18-35,Yes,2007
R01980,P0986,2,36-55,,1999
R01981,P0138,2,36-55,No,1996
R01982,P1090,2,18-35,No,2018
R01983,P0499,1,36-55,Yes,2019
R01984,P1025,2,18-35,No,2009
R01985,P0263,1,36-55,No,1996
R01986,P0035,3,56-64,No,2019
R01987,P0463,4,36-55,No,2012
R01988,P0169,2,56-64,No,2014
R01989,P0848,2,65+,No,2018
R01990,P0196,1,65+,No,1998
R01991,P1036,2,18-35,No,2009
R01992,P0401,1,65+,No,2010
R01993,P1095,3,36-55,No,2023
R01994,P1102,2,18-35,No,2020
R01995,P1234,1,65+,No,1993
R01996,P1183,2,56-64,No,1995
R01997,P0350,5,36-55,No,2005
R01998,P1063,3,65+,Yes,2019
R01999,P0707,3,18-35,No,2004
R02000,P1204,1,36-55,No,1997
R02001,P1122,4,56-64,No,2002
R02002,P1092,1,18-35,No,2006
R02003,P0261,4,65+,Yes,2014
R02004,P0211,3,65+,No,2005
R02005,P0107,4,56-64,Yes,1994
R02006,P1055,1,36-55,No,2019
R02007,P0179,1,36-55,No,2018
R02008,P0681,3,36-55,No,1993
R02009,P0129,2,18-35,Yes,2009
R02010,P0608,1,36-55,,1996
R02011,P0098,3,65+,No,2015
R02012,P1125,2,56-64,No,2023
R02013,P1450,3,56-64,No,2007
R02014,P0246,3,56-64,Yes,1998
R02015,P0290,2,36-55,No,2009
R02016,P0699,1,36-55,No,1996
R02017,P0047,2,18-35,No,2014
R02018,P1313,2,36-55,Yes,2024
R02019,P1489,2,18-35,No,1998
R02020,P0253,2,18-35,No,2013
R02021,P0312,3,36-55,No,2015
R02022,P0350,3,36-55,No,2018
R02023,P0782,5,18-35,No,2007
R02024,P1017,2,65+,Yes,1990
R02025,P0023,1,18-35,No,2018
R02026,P1298,4,65+,Yes,1998
R02027,P0272,3,36-55,No,2001
R02028,P0299,1,65+,No,2007
R02029,P1145,2,36-55,No,2024
R02030,P0392,2,65+,Yes,2018
R02031,P0181,1,18-35,No,1992
R02032,P0679,3,36-55,No,1991
R02033,P1447,5,65+,No,2018
R02034,P0033,3,18-35,No,2001
R02035,P0373,2,36-55,,2009
R02036,P0978,2,65+,Yes,2011
R02037,P0086,2,18-35,No,2022
R02038,P1493,3,36-55,No,2018
R02039,P0419,1,65+,Yes,2012
R02040,P0884,3,18-35,,2023
R02041,P1042,3,36-55,No,2012
R02042,P0872,2,65+,No,2005
R02043,P0152,2,56-64,Yes,1998
R02044,P0283,4,18-35,Yes,1996
R02045,P1489,3,36-55,Yes,2007
R02046,P0988,3,18-35,No,1995
R02047,P1183,2,18-35,Yes,2012
R02048,P0249,4,56-64,No,2013
R02049,P1495,1,18-35,No,2017
R02050,P0631,1,56-64,Yes,2010
R02051,P1154,2,65+,Yes,2018
R02052,P0263,2,36-55,No,2016
R02053,P0972,2,18-35,No,2004
R02054,P0259,2,36-55,Yes,2009
R02055,P1046,3,36-55,No,2016
R02056,P0680,2,56-64,No,2000
R02057,P0753,3,65+,No,2012
R02058,P0326,2,18-35,No,1990
R02059,P0227,2,18-35,No,1996
R02060,P0895,4,36-55,No,2015
R02061,P1396,5,36-55,No,2021
R02062,P1029,1,65+,Yes,2021
R02063,P1130,1,65+,No,2010
R02064,P1178,2,18-35,No,2002
R02065,P0167,3,36-55,No,2020
R02066,P1453,1,36-55,No,2021
R02067,P0563,2,36-55,No,2024
R02068,P0132,2,18-35,No,2000
R02069,P0878,2,56-64,No,2018
R02070,P1264,3,36-55,No,2007
R02071,P1256,2,56-64,Yes,2012
R02072,P1314,3,65+,No,2018
R02073,P1085,2,18-35,No,1993
R02074,P1159,4,36-55,No,2011
R02075,P0125,3,36-55,No,1999
R02076,P0176,4,36-55,No,2016
R02077,P0318,2,18-35,No,2007
R02078,P1109,4,18-35,No,2000
R02079,P0983,2,36-55,No,2017
R02080,P0521,3,56-64,No,2024
R02081,P0069,2,56-64,Yes,2009
R02082,P1134,1,65+,Yes,2013
R02083,P0899,4,36-55,No,2015
R02084,P0820,4,36-55,No,2010
R02085,P0535,2,65+,Yes,1999
R02086,P0805,1,65+,No,2007
R02087,P0826,3,18-35,No,2011
R02088,P0423,2,56-64,No,2017
R02089,P1175,1,36-55,No,2018
R02090,P0715,2,56-64,No,1999
R02091,P1027,2,18-35,,2015
R02092,P0658,2,65+,No,2014
R02093,P1141,2,18-35,No,2021
R02094,P0656,2,18-35,No,1999
R02095,P0854,2,65+,Yes,2020
R02096,P1314,3,18-35,No,2018
R02097,P1150,2,65+,No,2011
R02098,P0169,2,65+,No,2004
R02099,P1244,3,36-55,No,2006
R02100,P0314,2,56-64,No,2015
R02101,P1238,3,36-55,No,2017
R02102,P0565,2,18-35,,2005
R02103,P1060,4,36-55,No,2007
R02104,P0902,3,36-55,No,1992
R02105,P0986,1,36-55,No,2006
R02106,P1329,4,18-35,No,2004
R02107,P0885,2,56-64,Yes,2016
R02108,P1155,1,18-35,Yes,2009
R02109,P1255,4,18-35,No,2023
R02110,P0494,1,18-35,No,2019
R02111,P0956,1,18-35,Yes,2001
R02112,P0683,3,36-55,No,2008
R02113,P1259,4,18-35,Yes,2006
R02114,P1422,3,18-35,No,2007
R02115,P0960,4,36-55,No,2004
R02116,P0702,2,65+,No,2009
R02117,P0196,2,36-55,No,2010
R02118,P0439,2,36-55,No,1999
R02119,P1099,2,36-55,No,2012
R02120,P0996,3,36-55,No,1999
R02121,P1339,2,18-35,No,2023
R02122,P0538,3,18-35,No,2011
R02123,P0489,2,56-64,No,2024
R02124,P0619,2,36-55,No,2006
R02125,P0821,3,65+,No,1996
R02126,P0522,4,36-55,No,2019
R02127,P1421,2,18-35,No,2020
R02128,P1172,2,18-35,No,2021
R02129,P0581,2,56-64,Yes,2019
R02130,P0053,1,65+,Yes,1996
R02131,P0943,2,56-64,No,1992
R02132,P0215,3,18-35,No,2015
R02133,P1324,2,18-35,No,2001
R02134,P1084,2,56-64,No,1999
R02135,P0225,2,36-55,No,2005
R02136,P1362,2,56-64,No,2018
R02137,P0823,2,36-55,No,2017
R02138,P0997,4,36-55,No,2012
R02139,P1441,2,36-55,No,2010
R02140,P0263,1,36-55,No,1995
R02141,P0438,2,36-55,No,2002
R02142,P1254,1,18-35,Yes,2019
R02143,P0635,2,36-55,,2015
R02144,P0886,2,56-64,Yes,2020
R02145,P1459,3,36-55,No,1994
R02146,P1423,2,65+,Yes,2024
R02147,P1368,1,18-35,No,2004
R02148,P0746,3,36-55,No,2001
R02149,P0799,3,36-55,No,2012
R02150,P0372,5,56-64,Yes,2018
R02151,P0965,4,65+,No,2022
R02152,P0140,1,36-55,No,2014
R02153,P0879,3,18-35,No,2000
R02154,P0402,4,18-35,No,2018
R02155,P0341,1,18-35,No,1996
R02156,P1200,3,36-55,No,2019
R02157,P0683,4,65+,Yes,2010
R02158,P0925,5,36-55,No,2024
R02159,P0763,4,18-35,No,2012
R02160,P0574,2,18-35,No,2020
R02161,P1409,3,65+,No,2011
R02162,P0175,1,65+,Yes,2013
R02163,P1408,1,18-35,No,2014
R02164,P1318,2,56-64,Yes,2015
R02165,P1051,1,18-35,No,2008
R02166,P1018,5,18-35,No,2000
R02167,P0058,5,18-35,No,2002
R02168,P0498,2,65+,No,2014
R02169,P0379,2,36-55,No,1990
R02170,P0401,1,36-55,No,2008
R02171,P0960,4,18-35,No,2016
R02172,P1355,2,36-55,,2011
R02173,P0953,2,56-64,No,2020
R02174,P0863,2,56-64,Yes,2016
R02175,P0380,5,36-55,Yes,2024
R02176,P1073,4,36-55,Yes,2015
R02177,P0211,3,65+,Yes,2004
R02178,P1375,2,65+,No,2015
R02179,P0526,2,36-55,No,1995
R02180,P0822,1,56-64,No,2004
R02181,P1248,2,36-55,No,1992
R02182,P1157,2,56-64,No,2018
R02183,P0612,1,65+,No,2023
R02184,P1399,1,36-55,No,2013
R02185,P1145,3,18-35,No,2014
R02186,P1187,2,65+,No,2001
R02187,P0242,4,65+,Yes,2013
R02188,P1306,4,56-64,No,2019
R02189,P0352,2,18-35,No,2017
R02190,P1171,3,56-64,No,2011
R02191,P0933,2,18-35,Yes,2016
R02192,P0408,3,36-55,No,2022
R02193,P0611,1,65+,No,2011
R02194,P0837,2,18-35,No,1995
R02195,P0984,1,65+,Yes,2020
R02196,P1414,2,18-35,No,2023
R02197,P0167,1,65+,No,1999
R02198,P1113,1,18-35,No,2022
R02199,P1301,2,36-55,No,2016
R02200,P0695,3,65+,No,2021
R02201,P1010,1,36-55,Yes,1992
R02202,P0708,2,36-55,,2012
R02203,P0622,1,18-35,No,2014
R02204,P0010,1,65+,Yes,2020
R02205,P1300,2,36-55,No,2018
R02206,P0789,3,18-35,No,2015
R02207,P0937,2,56-64,No,1990
R02208,P0795,1,36-55,,2019
R02209,P1386,2,65+,No,2023
R02210,P0968,4,18-35,No,2009
R02211,P1189,3,56-64,No,2018
R02212,P0683,5,65+,No,2006
R02213,P0697,1,18-35,No,2021
R02214,P0089,3,56-64,No,2003
R02215,P0240,3,65+,Yes,2019
R02216,P0593,1,18-35,No,2013
R02217,P1188,4,18-35,No,2016
R02218,P0216,1,36-55,No,2017
R02219,P0804,1,36-55,No,2012
R02220,P0857,1,18-35,No,2024
R02221,P0311,1,56-64,Yes,2024
R02222,P0692,1,65+,Yes,2011
R02223,P1188,1,36-55,No,2021
R02224,P1083,4,56-64,Yes,2017
R02225,P0777,4,56-64,Yes,2024
R02226,P1332,3,36-55,No,1998
R02227,P0840,3,36-55,No,2022
R02228,P0903,4,36-55,No,1992
R02229,P1340,2,36-55,No,1999
R02230,P0771,1,36-55,No,2018
R02231,P0143,2,18-35,No,2006
R02232,P0733,1,36-55,No,2001
R02233,P1354,3,36-55,No,2000
R02234,P0589,2,18-35,No,2005
R02235,P0107,4,18-35,No,2004
R02236,P0517,1,18-35,No,1991
R02237,P0774,2,65+,No,2020
R02238,P0817,2,56-64,Yes,2018
R02239,P1102,3,36-55,No,2016
R02240,P0186,1,36-55,No,1993
R02241,P0068,3,65+,Yes,2023
R02242,P1139,2,36-55,No,2011
R02243,P0503,1,65+,No,2020
R02244,P1066,4,18-35,,2004
R02245,P0294,3,18-35,No,2008
R02246,P0841,3,36-55,No,2011
R02247,P0062,3,65+,No,2024
R02248,P1086,2,36-55,No,2021
R02249,P0370,1,56-64,No,2015
R02250,P0251,2,18-35,No,2013
R02251,P1273,5,65+,No,2023
R02252,P0428,5,56-64,No,2024
R02253,P0967,2,56-64,Yes,2024
R02254,P1018,2,56-64,Yes,2000
R02255,P0635,3,56-64,Yes,2011
R02256,P0971,3,36-55,No,1998
R02257,P0875,1,18-35,No,2017
R02258,P0965,1,36-55,No,2012
R02259,P1080,2,36-55,,1991
R02260,P0302,3,56-64,No,1990
R02261,P0169,3,36-55,No,2009
R02262,P0137,2,36-55,No,1994
R02263,P0114,4,18-35,No,2019
R02264,P0655,3,18-35,Yes,2000
R02265,P0831,2,36-55,No,2000
R02266,P0105,2,56-64,Yes,2024
R02267,P0700,1,36-55,No,2003
R02268,P0414,1,65+,No,2024
R02269,P0291,5,56-64,Yes,2024
R02270,P1449,2,36-55,No,2006
R02271,P0688,2,36-55,No,2015
R02272,P0995,1,56-64,No,2022
R02273,P1442,1,36-55,Yes,2005
R02274,P0091,4,36-55,No,2020
R02275,P1371,1,36-55,No,1998
R02276,P0095,1,36-55,No,2017
R02277,P0259,1,56-64,No,2021
R02278,P0008,3,36-55,No,2020
R02279,P1200,2,18-35,,2020
R02280,P1097,4,36-55,No,2007
R02281,P0256,1,65+,No,2018
R02282,P0171,1,18-35,Yes,2019
R02283,P0685,3,36-55,No,1998
R02284,P0635,5,18-35,No,2015
R02285,P1194,3,36-55,No,1995
R02286,P1060,5,18-35,Yes,2009
R02287,P1338,3,65+,No,2020
R02288,P1491,3,56-64,,2021
R02289,P0984,1,56-64,No,2021
R02290,P0405,3,36-55,No,2019
R02291,P1063,2,36-55,No,2013
R02292,P0976,1,65+,No,2009
R02293,P0457,3,65+,No,2000
R02294,P1257,3,18-35,No,2007
R02295,P1094,3,36-55,No,2021
R02296,P1191,3,65+,No,1993
R02297,P1163,1,36-55,No,2019
R02298,P0990,2,36-55,No,2000
R02299,P0831,2,56-64,No,1998
R02300,P0258,2,36-55,No,2004
R02301,P0845,3,18-35,No,1996
R02302,P1471,5,65+,No,1993
R02303,P0206,2,18-35,No,1997
R02304,P0943,1,18-35,No,1994
R02305,P0530,2,65+,No,2001
R02306,P0024,3,36-55,No,2004
R02307,P0446,4,36-55,No,2018
R02308,P0919,3,18-35,No,2005
R02309,P1326,3,36-55,No,2020
R02310,P0977,4,18-35,No,1991
R02311,P0346,2,56-64,Yes,2009
R02312,P0953,4,18-35,No,1992
R02313,P1474,2,36-55,Yes,1992
R02314,P1441,4,18-35,No,2010
R02315,P0833,1,65+,Yes,2000
R02316,P0925,3,18-35,No,2015
R02317,P0652,2,65+,No,2008
R02318,P0361,3,18-35,No,1999
R02319,P1483,2,18-35,No,2009
R02320,P0549,3,18-35,No,2004
R02321,P1401,3,36-55,No,2005
R02322,P1376,3,18-35,No,2012
R02323,P0358,3,36-55,No,2022
R02324,P0406,2,56-64,No,2004
R02325,P0505,1,36-55,No,2005
R02326,P1289,4,56-64,Yes,2004
R02327,P0867,2,65+,Yes,2019
R02328,P0975,3,18-35,No,2017
R02329,P0391,2,36-55,Yes,2004
R02330,P0711,1,65+,Yes,1998
R02331,P0510,4,36-55,No,2010
R02332,P1452,1,65+,Yes,2021
R02333,P0111,3,65+,,1993
R02334,P0560,2,65+,No,2009
R02335,P0699,2,18-35,No,2000
R02336,P0761,4,65+,Yes,2013
R02337,P1046,3,18-35,,2023
R02338,P0155,3,65+,No,2022
R02339,P0708,3,36-55,No,2017
R02340,P1411,1,65+,No,1994
R02341,P1263,2,36-55,No,2021
R02342,P0644,2,65+,No,2015
R02343,P0886,3,18-35,No,1998
R02344,P0569,2,18-35,No,1998
R02345,P0841,1,65+,No,2024
R02346,P1346,2,65+,No,2013
R02347,P0270,1,56-64,No,1994
R02348,P0641,1,18-35,No,2017
R02349,P1026,4,56-64,No,2018
R02350,P0944,4,36-55,No,2017
R02351,P0050,5,36-55,No,1992
R02352,P0224,1,65+,No,2011
R02353,P0197,4,56-64,No,2011
R02354,P1052,3,36-55,No,2003
R02355,P0079,1,65+,Yes,1997
R02356,P0791,5,36-55,No,2024
R02357,P0969,3,56-64,Yes,2020
R02358,P0862,4,18-35,No,1992
R02359,P1354,2,36-55,No,2024
R02360,P0329,2,18-35,Yes,2020
R02361,P0320,3,18-35,Yes,2022
R02362,P1135,1,56-64,No,2018
R02363,P0317,2,36-55,No,2017
R02364,P0037,3,18-35,,2022
R02365,P0059,4,18-35,No,2018
R02366,P1066,4,36-55,No,2006
R02367,P0212,3,36-55,No,2003
R02368,P0844,2,18-35,No,2006
R02369,P1156,1,36-55,No,2018
R02370,P0856,2,18-35,No,2021
R02371,P0207,1,36-55,No,2008
R02372,P1370,3,36-55,No,2009
R02373,P0510,5,18-35,Yes,2015
R02374,P1344,3,36-55,No,2004
R02375,P0276,1,65+,Yes,2011
R02376,P0439,1,36-55,No,2005
R02377,P0038,3,18-35,No,2023
R02378,P0986,1,56-64,No,1996
R02379,P0761,2,36-55,No,2023
R02380,P0212,1,56-64,Yes,2013
R02381,P0595,1,18-35,Yes,2011
R02382,P0606,2,18-35,No,2024
R02383,P0075,2,36-55,No,2000
R02384,P1164,4,36-55,No,2023
R02385,P1045,2,36-55,Yes,2013
R02386,P0028,1,56-64,No,2020
R02387,P1375,1,18-35,Yes,2010
R02388,P0641,1,36-55,No,1994
R02389,P1008,2,56-64,Yes,2016
R02390,P0644,5,36-55,No,2022
R02391,P1269,3,18-35,Yes,2022
R02392,P0774,1,36-55,No,2022
R02393,P1295,2,18-35,No,2008
R02394,P0266,1,65+,Yes,2012
R02395,P0959,2,65+,No,2001
R02396,P0737,1,36-55,No,2020
R02397,P0538,1,36-55,No,2022
R02398,P0025,2,36-55,No,2024
R02399,P0236,3,18-35,No,2023
R02400,P1134,1,18-35,No,2007
R02401,P1196,3,56-64,No,2021
R02402,P0288,3,36-55,No,2008
R02403,P0621,2,18-35,No,2010
R02404,P1422,3,18-35,No,2008
R02405,P0392,2,18-35,No,2021
R02406,P0158,1,18-35,No,2013
R02407,P1092,1,18-35,No,1997
R02408,P0540,4,36-55,No,2016
R02409,P0014,2,18-35,No,2018
R02410,P1027,3,56-64,No,2001
R02411,P0646,4,36-55,No,1999
R02412,P0623,2,36-55,No,2020
R02413,P0593,1,18-35,No,2007
R02414,P0191,1,18-35,No,2020
R02415,P1298,1,18-35,No,1995
R02416,P1429,3,18-35,No,2017
R02417,P1203,2,36-55,No,2024
R02418,P0740,3,36-55,,1993
R02419,P0792,2,18-35,No,2019
R02420,P1079,1,18-35,No,2012
R02421,P0799,1,36-55,No,2006
R02422,P0938,2,65+,No,2022
R02423,P0112,2,18-35,No,2021
R02424,P0544,2,36-55,No,2023
R02425,P0922,1,65+,Yes,1998
R02426,P1451,1,56-64,,2008
R02427,P0183,2,36-55,No,2019
R02428,P0009,4,18-35,No,2018
R02429,P0719,2,18-35,No,1992
R02430,P0713,2,65+,Yes,1992
R02431,P0167,1,36-55,No,2005
R02432,P0605,2,18-35,No,2015
R02433,P0077,2,18-35,Yes,2023
R02434,P0596,5,36-55,No,2014
R02435,P1302,2,65+,No,2009
R02436,P1059,1,18-35,No,2015
R02437,P0219,1,18-35,No,2019
R02438,P0009,4,36-55,No,2004
R02439,P1340,3,36-55,No,2002
R02440,P0414,4,65+,No,2018
R02441,P0227,3,18-35,No,2017
R02442,P0867,4,65+,Yes,1995
R02443,P0349,5,18-35,No,2013
R02444,P0685,3,36-55,No,2005
R02445,P0478,3,36-55,No,2017
R02446,P0834,4,65+,Yes,2000
R02447,P0469,2,18-35,No,2010
R02448,P0433,2,36-55,,1993
R02449,P0638,2,56-64,No,2020
R02450,P1284,3,36-55,No,1997
R02451,P1257,2,65+,Yes,2019
R02452,P0444,5,65+,No,1999
R02453,P0560,3,56-64,Yes,2002
R02454,P1148,3,65+,Yes,2011
R02455,P1355,1,36-55,No,2016
R02456,P1134,2,18-35,No,2013
R02457,P0561,2,56-64,No,2020
R02458,P1248,2,65+,No,2013
R02459,P0746,2,18-35,No,2012
R02460,P0948,3,18-35,No,2017
R02461,P0280,1,36-55,No,2002
R02462,P0760,3,36-55,No,2024
R02463,P1096,3,36-55,No,2008
R02464,P1358,5,36-55,No,1990
R02465,P0473,2,18-35,No,2020
R02466,P1425,4,18-35,No,2023
R02467,P0815,4,36-55,No,2021
R02468,P0259,2,65+,Yes,1994
R02469,P1273,5,36-55,Yes,2020
R02470,P1366,1,65+,No,1993
R02471,P0171,3,36-55,No,2019
R02472,P0395,2,56-64,No,2022
R02473,P0168,1,18-35,No,1993
R02474,P1378,4,36-55,No,2002
R02475,P1088,4,56-64,No,1993
R02476,P1394,3,65+,No,2015
R02477,P0980,1,56-64,Yes,2010
R02478,P0541,2,36-55,No,2023
R02479,P0955,5,18-35,,2021
R02480,P0650,3,18-35,No,1997
R02481,P1087,2,65+,Yes,2003
R02482,P0168,3,65+,No,1997
R02483,P0985,2,36-55,No,2004
R02484,P0060,2,36-55,No,2017
R02485,P1245,2,36-55,No,1994
R02486,P0848,3,36-55,Yes,2017
R02487,P0302,2,36-55,Yes,2004
R02488,P1349,2,36-55,No,2020
R02489,P0306,4,36-55,No,2019
R02490,P0209,1,65+,Yes,2009
R02491,P1240,3,36-55,No,2000
R02492,P0382,2,65+,No,2006
R02493,P0529,2,36-55,No,2016
R02494,P1290,3,56-64,No,2022
R02495,P0232,3,65+,Yes,2004
R02496,P0453,1,18-35,No,2021
R02497,P0051,2,36-55,Yes,2017
R02498,P0650,3,36-55,No,1996
R02499,P1312,5,56-64,Yes,2020
R02500,P1087,2,36-55,No,2012
R02501,P1182,1,18-35,No,2021
R02502,P0800,4,36-55,No,2007
R02503,P1484,5,36-55,Yes,1999
R02504,P0390,2,18-35,No,1994
R02505,P0359,3,36-55,No,2021
R02506,P0960,3,56-64,No,2002
R02507,P1233,4,65+,No,2010
R02508,P0710,1,65+,No,2006
R02509,P1475,2,56-64,Yes,2020
R02510,P1384,2,36-55,No,2017
R02511,P0448,2,36-55,No,2007
R02512,P1338,3,36-55,No,2013
R02513,P1138,1,65+,Yes,2001
R02514,P0030,2,36-55,No,2013
R02515,P1041,2,36-55,No,2006
R02516,P1306,2,36-55,No,2014
R02517,P0227,1,36-55,No,2011
R02518,P0416,1,36-55,No,2022
R02519,P0724,3,18-35,No,2001
R02520,P0006,3,18-35,No,2008
R02521,P1128,1,36-55,No,1994
R02522,P0895,3,18-35,No,2019
R02523,P0429,2,36-55,No,2010
R02524,P0724,1,56-64,Yes,2013
R02525,P0166,1,18-35,No,2024
R02526,P0525,4,18-35,No,2013
R02527,P1414,1,18-35,Yes,2014
R02528,P0276,1,36-55,No,2023
R02529,P0473,1,65+,No,1999
R02530,P1311,1,65+,Yes,2020
R02531,P1177,1,36-55,No,1991
R02532,P1242,1,36-55,No,1997
R02533,P0865,4,56-64,No,2020
R02534,P1489,2,18-35,No,1990
R02535,P0521,2,65+,Yes,2020
R02536,P0798,1,36-55,No,2017
R02537,P0063,3,18-35,,2011
R02538,P1132,1,36-55,No,2021
R02539,P0834,1,36-55,No,2000
R02540,P1057,1,18-35,Yes,2013
R02541,P0013,1,18-35,No,2021
R02542,P1261,3,56-64,Yes,2002
R02543,P0251,2,18-35,No,2014
R02544,P1430,1,18-35,No,2019
R02545,P0099,2,65+,Yes,2019
R02546,P1327,2,36-55,No,2007
R02547,P0118,4,65+,Yes,2020
R02548,P0358,5,56-64,No,2019
R02549,P0096,3,18-35,No,2000
R02550,P0665,1,56-64,No,2013
R02551,P0913,4,36-55,No,1993
R02552,P0453,1,36-55,No,2005
R02553,P0488,1,65+,Yes,2024
R02554,P1040,1,56-64,No,2024
R02555,P0885,1,65+,No,1998
R02556,P0365,2,65+,Yes,2011
R02557,P1418,3,56-64,No,2001
R02558,P0093,2,56-64,No,2017
R02559,P0658,2,36-55,No,2010
R02560,P0220,2,56-64,No,2004
R02561,P0038,4,56-64,No,2017
R02562,P0906,4,36-55,No,1996
R02563,P0180,5,18-35,No,2024
R02564,P0731,4,36-55,No,1992
R02565,P0224,3,56-64,No,2003
R02566,P0239,4,18-35,No,2024
R02567,P0770,1,65+,Yes,2016
R02568,P0887,2,18-35,No,2023
R02569,P1202,3,18-35,No,2024
R02570,P0576,2,18-35,No,2018
R02571,P1497,4,36-55,No,2013
R02572,P1218,1,18-35,No,2004
R02573,P1426,2,18-35,No,2004
R02574,P0433,2,36-55,No,2023
R02575,P1386,2,65+,No,2023
R02576,P1317,5,36-55,No,2016
R02577,P1050,2,36-55,No,2005
R02578,P1179,3,56-64,Yes,2016
R02579,P0018,2,36-55,No,2008
R02580,P1261,3,36-55,No,2009
R02581,P0567,1,56-64,No,2015
R02582,P0635,2,65+,Yes,2020
R02583,P1191,3,18-35,No,2014
R02584,P1312,4,36-55,No,2009
R02585,P0926,4,65+,Yes,2014
R02586,P0064,5,56-64,Yes,2015
R02587,P1252,2,65+,No,2016
R02588,P0111,2,36-55,No,2017
R02589,P0746,2,36-55,No,2006
R02590,P1377,2,36-55,No,1994
R02591,P0775,3,36-55,No,2009
R02592,P1387,1,65+,No,1998
R02593,P0907,3,18-35,No,2019
R02594,P0954,4,18-35,No,2014
R02595,P0648,3,36-55,Yes,2022
R02596,P1095,1,36-55,No,2002
R02597,P1466,4,36-55,Yes,2002
R02598,P0838,2,36-55,No,2023
R02599,P0683,3,18-35,No,1995
R02600,P0284,3,56-64,No,2016
R02601,P0325,2,36-55,No,2020
R02602,P0244,1,36-55,No,1993
R02603,P0386,1,18-35,No,2020
R02604,P0154,1,56-64,No,1992
R02605,P1199,2,36-55,No,2021
R02606,P0925,5,18-35,No,2010
R02607,P0084,2,36-55,Yes,2021
R02608,P0634,1,65+,Yes,2009
R02609,P0963,3,18-35,No,2016
R02610,P1358,3,65+,Yes,1990
R02611,P0858,2,36-55,No,2014
R02612,P0346,4,65+,No,2005
R02613,P1344,4,18-35,No,2012
R02614,P0859,2,36-55,No,2013
R02615,P0760,2,65+,Yes,2020
R02616,P0105,1,36-55,No,2017
R02617,P0014,2,36-55,No,2021
R02618,P0444,2,18-35,No,2002
R02619,P1181,4,18-35,No,2017
R02620,P0073,1,18-35,No,2016
R02621,P0820,2,56-64,No,1999
R02622,P0869,3,36-55,No,2001
R02623,P0307,1,36-55,No,2020
R02624,P0048,2,36-55,No,2017
R02625,P1318,3,36-55,No,2004
R02626,P0698,2,18-35,Yes,2016
R02627,P0428,2,36-55,No,2020
R02628,P0336,5,36-55,No,2021
R02629,P1330,2,18-35,No,2004
R02630,P1205,2,65+,Yes,2000
R02631,P1184,5,56-64,No,2018
R02632,P0006,4,18-35,No,2013
R02633,P0355,5,18-35,Yes,1998
R02634,P0298,3,56-64,No,2020
R02635,P0373,3,18-35,No,2010
R02636,P1006,3,36-55,No,2000
R02637,P1122,5,18-35,No,2000
R02638,P1420,2,65+,No,1991
R02639,P0163,5,18-35,No,1993
R02640,P0597,2,56-64,No,2010
R02641,P0282,2,18-35,No,2016
R02642,P1419,4,36-55,No,2015
R02643,P0902,2,36-55,No,2011
R02644,P0363,2,18-35,No,2011
R02645,P0962,2,65+,Yes,2018
R02646,P0008,3,56-64,No,2010
R02647,P0981,3,56-64,Yes,2021
R02648,P0177,1,36-55,No,2019
R02649,P0314,2,18-35,No,2010
R02650,P1050,3,18-35,No,1994
R02651,P1449,2,36-55,No,1991
R02652,P0003,1,65+,Yes,2023
R02653,P0869,1,36-55,No,2024
R02654,P1056,1,18-35,No,2019
R02655,P0775,2,36-55,No,2013
R02656,P1303,1,36-55,No,2001
R02657,P0357,3,65+,Yes,2016
R02658,P0740,2,36-55,No,1995
R02659,P0817,3,18-35,No,2006
R02660,P1140,1,36-55,No,2000
R02661,P0966,1,36-55,No,2015
R02662,P0996,3,18-35,No,2023
R02663,P0958,2,56-64,Yes,2008
R02664,P0120,1,18-35,No,2013
R02665,P1500,2,36-55,No,2008
R02666,P0845,1,18-35,No,1996
R02667,P0072,5,36-55,Yes,2020
R02668,P0105,4,36-55,No,1991
R02669,P1488,1,36-55,No,2008
R02670,P1158,2,56-64,No,2014
R02671,P1441,2,18-35,Yes,2017
R02672,P0353,2,65+,Yes,2020
R02673,P0551,2,56-64,No,2011
R02674,P1311,1,36-55,No,2024
R02675,P0925,4,18-35,No,2015
R02676,P0310,2,56-64,No,2013
R02677,P1371,3,18-35,Yes,2008
R02678,P0232,1,56-64,No,1992
R02679,P1393,3,18-35,No,2004
R02680,P0489,3,56-64,No,2011
R02681,P0910,3,56-64,No,2018
R02682,P0777,3,56-64,No,2024
R02683,P0010,3,36-55,No,2018
R02684,P0938,2,56-64,No,2018
R02685,P0611,2,36-55,No,2015
R02686,P0559,2,18-35,Yes,2023
R02687,P0692,2,18-35,No,2016
R02688,P0910,1,36-55,No,2017
R02689,P0429,1,36-55,No,1999
R02690,P0904,4,18-35,No,1995
R02691,P1417,5,65+,No,2024
R02692,P0146,5,18-35,No,2013
R02693,P1249,2,65+,Yes,2004
R02694,P0340,1,36-55,No,1999
R02695,P1025,3,18-35,No,2002
R02696,P1333,1,65+,No,1992
R02697,P0320,1,65+,Yes,2017
R02698,P1262,5,36-55,No,1998
R02699,P0686,3,18-35,No,2023
R02700,P0992,3,36-55,No,1999
R02701,P0132,3,65+,No,2006
R02702,P1247,3,18-35,No,1990
R02703,P0604,2,18-35,No,1996
R02704,P0987,2,65+,No,2001
R02705,P0166,1,18-35,No,2011
R02706,P1097,1,18-35,No,2016
R02707,P0371,3,65+,No,2022
R02708,P1062,2,36-55,No,2012
R02709,P0945,4,36-55,No,2021
R02710,P0926,4,65+,Yes,2002
R02711,P0237,4,65+,Yes,2003
R02712,P0852,5,65+,No,2017
R02713,P0373,3,36-55,No,2003
R02714,P0515,2,18-35,No,1997
R02715,P0314,3,65+,No,2015
R02716,P0981,3,36-55,No,2020
R02717,P0834,1,65+,No,2016
R02718,P1136,3,18-35,No,2005
R02719,P0128,4,65+,Yes,2016
R02720,P0687,3,36-55,No,2002
R02721,P0210,2,18-35,No,2020
R02722,P0614,1,18-35,No,2001
R02723,P1333,2,65+,Yes,2016
R02724,P1302,2,18-35,No,2015
R02725,P0857,1,18-35,No,2019
R02726,P1282,1,36-55,Yes,2015
R02727,P0381,2,36-55,No,1993
R02728,P0810,2,36-55,No,2016
R02729,P1276,3,36-55,No,2004
R02730,P0725,2,56-64,No,1993
R02731,P0339,2,36-55,No,2012
R02732,P0286,1,18-35,No,2022
R02733,P0781,3,18-35,No,2023
R02734,P1257,1,36-55,No,2023
R02735,P0636,2,36-55,No,2020
R02736,P0587,2,18-35,No,2005
R02737,P0163,3,65+,Yes,2024
R02738,P1138,3,36-55,No,2006
R02739,P0430,4,65+,Yes,2020
R02740,P0782,3,65+,Yes,2018
R02741,P0985,3,18-35,No,2011
R02742,P0382,3,36-55,No,1991
R02743,P1480,1,18-35,No,2020
R02744,P0920,2,65+,No,1995
R02745,P0015,2,56-64,Yes,2004
R02746,P0545,2,36-55,No,2022
R02747,P0984,1,65+,Yes,2019
R02748,P0928,2,56-64,Yes,2021
R02749,P0678,1,36-55,No,2020
R02750,P0448,1,18-35,No,2018
R02751,P1303,3,18-35,No,2024
R02752,P0918,5,18-35,No,2018
R02753,P0086,3,65+,Yes,2011
R02754,P0595,3,36-55,No,2004
R02755,P1186,3,65+,No,1992
R02756,P0601,1,36-55,No,2019
R02757,P0142,2,36-55,No,2008
R02758,P0819,3,36-55,No,2011
R02759,P0779,3,18-35,No,2012
R02760,P1375,5,18-35,No,2018
R02761,P0468,2,56-64,No,1994
R02762,P1413,1,36-55,No,2024
R02763,P0953,5,36-55,Yes,2017
R02764,P0332,2,36-55,No,2023
R02765,P1215,2,18-35,No,2007
R02766,P0066,2,18-35,No,2010
R02767,P0423,1,18-35,,2005
R02768,P0502,2,18-35,No,2023
R02769,P1034,2,65+,,2016
R02770,P0508,2,36-55,Yes,1994
R02771,P0079,2,18-35,No,2003
R02772,P0424,3,65+,Yes,2017
R02773,P0939,1,36-55,No,2000
R02774,P1048,4,18-35,No,2008
R02775,P0750,2,56-64,No,2023
R02776,P1191,2,18-35,No,2011
R02777,P1164,2,36-55,No,1991
R02778,P0702,2,36-55,No,2014
R02779,P0275,2,36-55,No,2008
R02780,P1053,2,65+,No,2024
R02781,P0153,2,36-55,No,2016
R02782,P0269,4,56-64,No,1993
R02783,P0929,3,56-64,No,2022
R02784,P0336,4,18-35,No,2007
R02785,P0138,3,56-64,Yes,2020
R02786,P0767,3,56-64,No,1996
R02787,P0419,1,65+,Yes,2014
R02788,P1276,3,36-55,Yes,1999
R02789,P0615,5,18-35,No,2020
R02790,P0496,1,65+,No,2008
R02791,P0586,1,56-64,No,2017
R02792,P0479,2,65+,No,2008
R02793,P0185,1,56-64,No,2019
R02794,P0741,4,56-64,No,2010
R02795,P1194,3,56-64,No,2020
R02796,P1245,5,18-35,No,2005
R02797,P0316,2,36-55,Yes,1995
R02798,P0234,2,36-55,No,2004
R02799,P0537,3,56-64,No,2019
R02800,P0439,2,56-64,No,2001
R02801,P0946,2,36-55,No,2008
R02802,P0595,3,18-35,No,1991
R02803,P0339,2,65+,No,2023
R02804,P0172,5,18-35,No,2009
R02805,P1148,1,36-55,No,1993
R02806,P1139,2,36-55,Yes,2014
R02807,P1388,2,65+,Yes,2020
R02808,P1173,1,36-55,No,2016
R02809,P0316,1,18-35,No,2003
R02810,P0193,2,18-35,No,2024
R02811,P1283,2,18-35,No,2024
R02812,P1425,5,65+,Yes,2020
R02813,P1415,3,36-55,No,2022
R02814,P0982,1,36-55,No,1997
R02815,P0490,3,56-64,Yes,2006
R02816,P0558,5,18-35,No,1991
R02817,P1010,1,65+,No,2015
R02818,P0707,1,56-64,No,2023
R02819,P0315,2,65+,No,2004
R02820,P0155,4,56-64,Yes,2017
R02821,P0054,4,56-64,No,2018
R02822,P1492,1,56-64,No,2023
R02823,P0113,2,65+,No,1991
R02824,P0385,3,36-55,No,2003
R02825,P0124,2,65+,Yes,2012
R02826,P1217,2,36-55,No,2024
R02827,P0813,2,36-55,No,2004
R02828,P0508,1,36-55,Yes,1996
R02829,P1396,2,65+,No,2021
R02830,P0135,1,18-35,No,2005
R02831,P0374,1,18-35,Yes,2015
R02832,P0692,3,56-64,No,2022
R02833,P1421,3,18-35,No,2017
R02834,P0499,2,36-55,Yes,2021
R02835,P0382,1,65+,Yes,2024
R02836,P1419,1,36-55,No,2015
R02837,P0730,2,65+,Yes,2018
R02838,P1180,4,56-64,No,2009
R02839,P1064,4,56-64,Yes,2021
R02840,P1112,2,18-35,,2016
R02841,P0812,3,65+,Yes,2006
R02842,P1090,1,18-35,No,2006
R02843,P0900,2,36-55,No,2010
R02844,P1060,3,36-55,No,1996
R02845,P0805,1,56-64,Yes,2015
R02846,P0467,1,36-55,No,2024
R02847,P0906,3,18-35,No,2022
R02848,P0619,1,18-35,No,2007
R02849,P0519,3,36-55,No,1997
R02850,P1448,2,18-35,No,1994
R02851,P0149,2,36-55,No,2014
R02852,P0064,4,65+,Yes,2014
R02853,P0819,3,18-35,No,2011
R02854,P1453,2,36-55,,2006
R02855,P0360,2,36-55,No,2010
R02856,P0524,3,65+,No,2004
R02857,P1024,2,65+,No,2000
R02858,P0595,3,56-64,No,2010
R02859,P0576,5,65+,Yes,2021
R02860,P0869,1,18-35,Yes,1995
R02861,P0190,2,36-55,No,2013
R02862,P1017,3,65+,No,2014
R02863,P1203,2,18-35,,2020
R02864,P1335,4,65+,No,2003
R02865,P0800,3,18-35,No,2003
R02866,P1190,1,56-64,No,2023
R02867,P1200,2,18-35,No,2022
R02868,P0175,2,65+,Yes,2021
R02869,P0233,1,36-55,No,2018
R02870,P0040,2,65+,No,2007
R02871,P0387,3,65+,No,1992
R02872,P0032,2,18-35,No,2011
R02873,P1460,3,36-55,No,2004
R02874,P0372,3,36-55,No,2018
R02875,P0793,2,36-55,No,1995
R02876,P1427,2,56-64,No,2017
R02877,P0268,2,18-35,Yes,1990
R02878,P0230,3,65+,No,1994
R02879,P1328,4,18-35,No,2008
R02880,P1428,4,36-55,No,1997
R02881,P0839,2,36-55,,2022
R02882,P0571,5,36-55,No,1995
R02883,P1407,5,65+,,2018
R02884,P0027,3,65+,Yes,2017
R02885,P1304,3,36-55,No,2014
R02886,P0084,3,65+,No,2022
R02887,P0618,2,18-35,No,2008
R02888,P0356,2,65+,,2005
R02889,P0642,4,56-64,No,2020
R02890,P0414,3,36-55,,2024
R02891,P1461,2,36-55,No,1997
R02892,P1351,1,65+,No,2010
R02893,P0775,2,36-55,No,1996
R02894,P0170,1,36-55,No,1994
R02895,P1075,3,65+,No,2024
R02896,P1218,1,65+,No,2009
R02897,P1491,3,18-35,No,2015
R02898,P0616,3,18-35,No,2018
R02899,P0212,5,65+,Yes,2019
R02900,P0744,3,18-35,No,2021
R02901,P0436,5,65+,No,2023
R02902,P1335,4,65+,Yes,2021
R02903,P1478,3,65+,No,2024
R02904,P1491,3,18-35,No,2022
R02905,P0248,3,36-55,No,2017
R02906,P0322,1,36-55,No,1991
R02907,P1128,4,56-64,No,1993
R02908,P1259,2,36-55,No,1999
R02909,P1109,3,65+,No,2003
R02910,P1170,2,36-55,Yes,2009
R02911,P0825,3,56-64,Yes,1996
R02912,P1469,1,18-35,No,2020
R02913,P0020,3,56-64,No,2008
R02914,P0916,1,18-35,No,1994
R02915,P1081,2,56-64,No,2017
R02916,P1188,2,18-35,No,2015
R02917,P1169,4,65+,Yes,2016
R02918,P0556,2,56-64,No,2022
R02919,P1480,1,36-55,No,2001
R02920,P1261,3,18-35,No,2008
R02921,P1379,3,65+,Yes,2018
R02922,P0273,3,36-55,No,1995
R02923,P1225,2,36-55,No,2007
R02924,P1021,2,36-55,No,1992
R02925,P0397,2,56-64,No,2000
R02926,P0381,2,18-35,No,2004
R02927,P0120,1,65+,Yes,2006
R02928,P0708,1,65+,No,2001
R02929,P0495,1,65+,No,2019
R02930,P0529,4,18-35,No,2018
R02931,P0178,2,36-55,No,2007
R02932,P0953,2,36-55,No,2011
R02933,P1451,2,36-55,No,1991
R02934,P0127,4,36-55,No,2008
R02935,P0819,3,56-64,No,2003
R02936,P0398,1,36-55,No,2015
R02937,P0266,1,65+,No,2005
R02938,P1065,1,18-35,No,2004
R02939,P1019,3,18-35,No,2003
R02940,P0209,1,65+,No,1996
R02941,P0015,2,36-55,No,2003
R02942,P0515,3,18-35,No,1990
R02943,P0548,1,18-35,No,1997
R02944,P1295,2,65+,No,2024
R02945,P0576,2,36-55,No,2017
R02946,P0738,2,65+,No,1990
R02947,P0552,2,36-55,No,2013
R02948,P1408,2,36-55,No,2015
R02949,P0790,2,65+,No,2014
R02950,P0606,2,56-64,No,2024
R02951,P1416,1,36-55,No,2020
R02952,P0950,3,18-35,No,2006
R02953,P0423,2,36-55,No,2018
R02954,P1234,2,36-55,No,2006
R02955,P1487,4,36-55,,1992
R02956,P0453,3,36-55,No,2021
R02957,P0446,2,18-35,No,2017
R02958,P0338,1,36-55,No,2016
R02959,P0708,3,56-64,No,2017
R02960,P0062,1,18-35,No,2023
R02961,P0830,2,56-64,No,2019
R02962,P0458,4,36-55,No,2022
R02963,P0610,4,36-55,No,2005
R02964,P0292,2,36-55,No,2015
R02965,P0474,2,18-35,No,2020
R02966,P0781,2,18-35,No,2022
R02967,P0821,1,56-64,No,2016
R02968,P0467,2,18-35,No,2024
R02969,P0592,1,36-55,No,2008
R02970,P0850,2,56-64,No,2019
R02971,P0153,2,36-55,No,2007
R02972,P0307,4,18-35,No,2022
R02973,P0958,4,36-55,No,2000
R02974,P0719,4,56-64,No,2001
R02975,P0349,5,18-35,No,2016
R02976,P0549,2,36-55,Yes,2015
R02977,P0011,4,36-55,Yes,2016
R02978,P0620,2,36-55,No,1991
R02979,P0906,2,65+,Yes,2009
R02980,P0624,3,36-55,No,2002
R02981,P1361,2,36-55,No,2007
R02982,P0188,2,36-55,Yes,1991
R02983,P1228,1,18-35,No,2019
R02984,P1308,5,18-35,No,2021
R02985,P0506,4,36-55,No,2009
R02986,P0523,4,56-64,No,2004
R02987,P1106,3,36-55,Yes,2019
R02988,P0268,2,36-55,No,2014
R02989,P0895,2,65+,No,2020
R02990,P1111,4,36-55,No,1997
R02991,P1216,3,56-64,No,2023
R02992,P0561,1,18-35,Yes,2015
R02993,P1041,1,18-35,Yes,2000
R02994,P0663,1,18-35,No,2015
R02995,P1321,2,56-64,No,2000
R02996,P0544,5,18-35,No,2012
R02997,P0515,2,36-55,No,1997
R02998,P0383,4,56-64,No,2005
R02999,P1034,2,18-35,No,2015
R03000,P0677,3,36-55,No,2017
R00003,P1091,2,18-35,Yes,2017
R01228,P0833,5,65+,Yes,2020
R02407,P1092,1,18-35,No,1997
R00241,P1398,4,18-35,No,2019
R00869,P0328,4,18-35,No,2012
R01954,P0914,2,56-64,No,1991
R01649,P1168,1,18-35,No,2022
R01064,P0114,3,18-35,No,2005
R01808,P0694,2,18-35,No,2017
R01132,P0474,3,36-55,No,2015
R01883,P0502,3,56-64,Yes,2022
R01763,P0079,2,36-55,No,2008
R01132,P0474,3,36-55,No,2015
R02388,P0641,1,36-55,No,1994
R00502,P0089,3,36-55,No,2000
R02692,P0146,5,18-35,No,2013
R00336,P0588,3,18-35,No,2023
R01746,P0165,1,56-64,No,1995
R00333,P0013,2,36-55,No,2019
R00763,P0580,2,18-35,No,2021
R00727,P1052,3,65+,Yes,1990
R00475,P1484,1,18-35,No,1999
R01385,P1274,2,18-35,No,1995
R00182,P0090,4,36-55,No,2002
R00974,P0023,3,36-55,Yes,2012
R02978,P0620,2,36-55,No,1991
R02354,P1052,3,36-55,No,2003
R02788,P1276,3,36-55,Yes,1999
R01660,P0481,2,36-55,No,2003
R02863,P1203,2,18-35,No,2020
R01283,P0301,3,18-35,No,2024
R01439,P0622,5,56-64,Yes,2023
R02258,P0965,1,36-55,No,2012
R01675,P0501,1,36-55,No,2003
R02909,P1109,3,65+,No,2003
R02060,P0895,4,36-55,No,2015
R02913,P0020,3,56-64,No,2008
R02876,P1427,2,56-64,No,2017
R00288,P1348,3,18-35,No,1991
R02616,P0105,1,36-55,No,2017
R02307,P0446,4,36-55,No,2018
R02617,P0014,2,36-55,No,2021
R00182,P0090,4,36-55,No,2002
R00174,P1397,2,56-64,Yes,2022
R01240,P1416,2,65+,No,2017
R00503,P0013,2,65+,No,2019
R01286,P1462,1,36-55,No,2010
R02135,P0225,2,36-55,No,2005
R02467,P0815,4,36-55,No,2021
R00908,P1060,4,36-55,No,1998
R00881,P1198,2,65+,Yes,2002
R00888,P0395,3,18-35,,2000
R01528,P0465,1,56-64,No,2003
R00537,P1362,3,65+,No,1993
R02228,P0903,4,36-55,No,1992
R01704,P0028,1,36-55,No,2017
R02928,P0708,1,65+,No,2001
R02930,P0529,4,18-35,No,2018
R02710,P0926,4,65+,Yes,2002
R01643,P0090,1,56-64,No,2016
R00006,P0183,2,18-35,No,2023
R00412,P0442,2,18-35,Yes,2020
R00916,P0697,2,36-55,No,2019
R02112,P0683,3,36-55,No,2008
R01286,P1462,1,36-55,No,2010
R01293,P1058,1,65+,Yes,2009
R00002,P1176,4,56-64,No,2014
R00107,P0893,3,65+,Yes,2003
R00686,P0964,2,56-64,No,2015
R02401,P1196,3,56-64,No,2021
R01388,P0799,4,36-55,No,2022
R01974,P0575,3,56-64,No,2014
R00791,P1298,4,18-35,No,1997
R02125,P0821,3,65+,No,1996
R00048,P0057,1,18-35,No,2001
R00434,P1052,1,56-64,No,2016
R00128,P0575,1,56-64,No,1998
R00281,P1180,2,36-55,No,1997
R00756,P1185,1,18-35,Yes,2007
R01206,P0699,2,36-55,No,2021
R01450,P0796,1,36-55,No,2006
R01908,P1273,5,36-55,No,2023
R00388,P0258,1,18-35,No,2017
R02220,P0857,1,18-35,No,2024
R00380,P1433,2,18-35,Yes,2022
R01536,P0138,1,56-64,Yes,1996
R02290,P0405,3,36-55,No,2019
R00225,P0104,3,56-64,No,2018
R01577,P1470,5,36-55,No,2009
R00916,P0697,2,36-55,No,2019
